,shooting_rank,shooting_team,shooting_games,shooting_minutes_played,shooting_field_goal_pct,shooting_average_shot_distance,shooting_,shooting_two_point_attempt_pct,shooting_fga_0_3_pct,shooting_fga_3_10_pct,shooting_fga_10_16_pct,shooting_fga_16_to_3pt_pct,shooting_three_point_attempt_pct,shooting_,shooting_two_point_fg_pct,shooting_fg_0_3_pct,shooting_fg_3_10_pct,shooting_fg_10_16_pct,shooting_fg_16_to_3pt_pct,shooting_three_point_fg_pct,shooting_,shooting_two_point_fg_assisted_pct,shooting_three_point_fg_assisted_pct,shooting_,shooting_dunks_fga_pct,shooting_dunks_made,shooting_,shooting_layups_fga_pct,shooting_layups_made,shooting_,shooting_corner_three_pct_fga,shooting_corner_three_fg_pct,shooting_,shooting_heaves_attempted,shooting_heaves_made
0,Rk,Team,G,MP,FG%,Dist.,,2P,0-3,3-10,10-16,16-3P,3P,,2P,0-3,3-10,10-16,16-3P,3P,,2P,3P,,%FGA,Md.,,%FGA,Md.,,%3PA,3P%,,Att.,Md.
1,1,Atlanta Hawks*,82,19855,.464,13.4,,.714,.281,.152,.073,.208,.286,,.501,.678,.382,.387,.389,.371,,.585,.874,,.052,323,,.222,924,,.264,.426,,12,0
2,2,Boston Celtics*,81,19840,.465,12.9,,.785,.287,.130,.128,.239,.215,,.494,.623,.357,.446,.439,.358,,.555,.914,,.043,258,,.237,880,,.339,.399,,22,0
3,3,Brooklyn Nets*,82,19855,.450,12.6,,.731,.272,.203,.102,.154,.269,,.484,.623,.405,.397,.400,.357,,.484,.871,,.041,249,,.231,873,,.349,.395,,12,0
4,4,Charlotte Bobcats,82,19805,.425,12.2,,.790,.319,.147,.111,.212,.210,,.448,.577,.323,.373,.380,.335,,.507,.838,,.051,298,,.260,904,,.208,.402,,15,0
5,5,Chicago Bulls*,82,19830,.437,12.2,,.811,.306,.139,.140,.226,.189,,.456,.615,.333,.376,.367,.353,,.610,.839,,.039,240,,.247,967,,.229,.359,,11,0
6,6,Cleveland Cavaliers,82,19730,.434,12.4,,.771,.294,.174,.116,.188,.229,,.460,.584,.352,.385,.411,.346,,.509,.821,,.057,338,,.222,804,,.211,.338,,12,1
7,7,Dallas Mavericks,82,19980,.462,13.0,,.764,.242,.179,.160,.182,.236,,.489,.627,.432,.412,.431,.372,,.538,.860,,.031,196,,.198,813,,.232,.363,,18,0
8,8,Denver Nuggets*,82,19905,.478,10.4,,.783,.415,.172,.080,.115,.217,,.516,.655,.368,.347,.352,.343,,.551,.862,,.100,642,,.300,1200,,.345,.351,,21,0
9,9,Detroit Pistons,82,19805,.449,11.1,,.783,.370,.172,.072,.169,.217,,.474,.609,.347,.340,.366,.356,,.514,.926,,.054,320,,.301,1125,,.267,.356,,16,0
10,10,Golden State Warriors*,82,19805,.458,13.5,,.761,.242,.173,.118,.229,.239,,.475,.650,.361,.391,.418,.403,,.542,.769,,.045,284,,.188,767,,.226,.461,,21,1
11,11,Houston Rockets*,82,19780,.461,12.8,,.651,.341,.156,.048,.106,.349,,.511,.653,.350,.338,.372,.366,,.520,.841,,.066,415,,.280,1091,,.290,.392,,11,2
12,12,Indiana Pacers*,81,19590,.436,12.7,,.755,.271,.190,.116,.178,.245,,.465,.612,.399,.375,.371,.347,,.513,.847,,.048,283,,.203,742,,.251,.364,,23,0
13,13,Los Angeles Clippers*,82,19730,.478,13.0,,.735,.281,.170,.089,.195,.265,,.522,.677,.460,.432,.392,.358,,.556,.877,,.092,557,,.194,760,,.334,.381,,9,0
14,14,Los Angeles Lakers*,82,19755,.458,13.3,,.697,.281,.170,.089,.158,.303,,.503,.649,.396,.424,.402,.355,,.518,.859,,.057,356,,.217,853,,.257,.375,,19,0
15,15,Memphis Grizzlies*,82,19805,.444,11.5,,.834,.304,.196,.125,.210,.166,,.463,.583,.383,.405,.400,.345,,.533,.885,,.044,255,,.238,858,,.287,.396,,12,0
16,16,Miami Heat*,82,19880,.496,13.2,,.715,.297,.127,.099,.192,.285,,.536,.704,.401,.387,.441,.396,,.522,.866,,.066,392,,.223,910,,.384,.433,,6,0
17,17,Milwaukee Bucks*,82,19830,.435,12.2,,.768,.320,.143,.122,.183,.232,,.457,.589,.331,.391,.369,.360,,.548,.817,,.040,269,,.252,985,,.234,.384,,9,0
18,18,Minnesota Timberwolves,82,19730,.439,12.3,,.780,.331,.139,.083,.227,.220,,.477,.613,.328,.415,.393,.305,,.592,.798,,.051,313,,.263,978,,.226,.345,,10,0
19,19,New Orleans Hornets,82,19780,.448,12.1,,.776,.298,.208,.095,.175,.224,,.473,.614,.379,.371,.402,.363,,.521,.858,,.056,329,,.229,816,,.176,.382,,16,0
20,20,New York Knicks*,82,19730,.448,14.6,,.646,.280,.096,.083,.188,.354,,.487,.613,.372,.380,.407,.376,,.398,.833,,.049,302,,.218,796,,.236,.377,,30,2
21,Rk,Team,G,MP,FG%,Dist.,,2P,0-3,3-10,10-16,16-3P,3P,,2P,0-3,3-10,10-16,16-3P,3P,,2P,3P,,%FGA,Md.,,%FGA,Md.,,%3PA,3P%,,Att.,Md.
22,21,Oklahoma City Thunder*,82,19830,.481,12.6,,.756,.294,.146,.130,.186,.244,,.514,.677,.389,.437,.409,.377,,.492,.851,,.071,418,,.207,812,,.252,.440,,13,1
23,22,Orlando Magic,82,19780,.448,12.6,,.777,.289,.166,.116,.206,.223,,.482,.622,.425,.394,.382,.329,,.563,.820,,.040,246,,.226,931,,.228,.371,,6,0
24,23,Philadelphia 76ers,82,19755,.444,12.7,,.791,.263,.153,.147,.228,.209,,.466,.620,.381,.409,.381,.360,,.560,.855,,.036,236,,.204,792,,.300,.381,,11,0
25,24,Phoenix Suns,82,19805,.443,12.7,,.790,.281,.158,.113,.237,.210,,.473,.646,.345,.380,.396,.330,,.564,.831,,.036,226,,.234,1001,,.276,.366,,12,0
26,25,Portland Trail Blazers,82,19855,.448,13.6,,.716,.284,.126,.095,.211,.284,,.486,.620,.381,.426,.394,.353,,.529,.816,,.059,359,,.212,779,,.239,.397,,13,0
27,26,Sacramento Kings,82,19830,.447,12.2,,.757,.291,.211,.082,.172,.243,,.474,.630,.392,.385,.354,.363,,.491,.807,,.040,247,,.252,1044,,.265,.384,,15,1
28,27,San Antonio Spurs*,82,19880,.481,12.5,,.736,.298,.178,.096,.163,.264,,.519,.663,.411,.433,.423,.376,,.572,.905,,.034,207,,.269,1127,,.350,.412,,12,0
29,28,Toronto Raptors,82,19980,.446,13.5,,.751,.239,.169,.123,.220,.249,,.480,.655,.427,.404,.372,.343,,.541,.809,,.057,353,,.180,679,,.210,.355,,9,0
30,29,Utah Jazz,82,19880,.454,12.5,,.794,.274,.192,.105,.224,.206,,.477,.662,.377,.375,.383,.366,,.554,.893,,.052,318,,.210,851,,.219,.378,,16,0
31,30,Washington Wizards,82,19855,.435,13.1,,.777,.238,.177,.145,.216,.223,,.455,.623,.393,.371,.377,.365,,.543,.901,,.047,296,,.188,675,,.330,.457,,8,0
32,,League Average,82,19817,.453,12.6,,.757,.293,.164,.107,.193,.243,,.483,.631,.381,.395,.393,.359,,.535,.851,,.052,318,,.230,891,,.268,.390,,14.0,0.3
33,Rk,Team,G,MP,FG%,Dist.,,2P,0-3,3-10,10-16,16-3P,3P,,2P,0-3,3-10,10-16,16-3P,3P,,2P,3P,,%FGA,Md.,,%FGA,Md.,,%3PA,3P%,,Att.,Md.
34,1,Atlanta Hawks*,82,19830,.458,13.4,,.684,.263,.174,.102,.145,.316,,.502,.643,.409,.419,.413,.363,,.598,.870,,.026,154,,.242,989,,.268,.386,,13,1
35,2,Boston Celtics,82,19730,.435,13.3,,.749,.273,.148,.109,.219,.251,,.470,.608,.348,.424,.402,.333,,.510,.852,,.039,239,,.217,835,,.242,.390,,15,0
36,3,Brooklyn Nets*,82,19880,.459,13.6,,.699,.256,.171,.112,.160,.301,,.497,.642,.413,.427,.405,.369,,.491,.880,,.052,309,,.202,743,,.243,.391,,20,0
37,4,Charlotte Bobcats*,82,19905,.442,12.6,,.781,.290,.151,.122,.218,.219,,.468,.607,.414,.409,.352,.351,,.539,.874,,.040,253,,.245,910,,.209,.371,,17,0
38,5,Chicago Bulls*,82,19930,.432,12.7,,.778,.297,.148,.112,.222,.222,,.456,.597,.334,.373,.392,.348,,.611,.854,,.035,210,,.254,915,,.220,.383,,20,3
39,6,Cleveland Cavaliers,82,19930,.437,12.8,,.764,.269,.170,.128,.197,.236,,.461,.583,.388,.394,.402,.356,,.513,.820,,.045,278,,.212,791,,.252,.373,,19,0
40,7,Dallas Mavericks*,82,19830,.474,13.2,,.726,.262,.156,.135,.173,.274,,.508,.655,.418,.426,.428,.384,,.520,.861,,.047,308,,.206,856,,.199,.412,,15,0
41,8,Denver Nuggets,82,19755,.447,12.5,,.722,.309,.182,.080,.150,.278,,.481,.634,.373,.351,.366,.358,,.518,.813,,.066,425,,.233,933,,.240,.416,,20,0
42,9,Detroit Pistons,82,19780,.447,11.1,,.778,.356,.197,.068,.157,.222,,.483,.640,.344,.369,.348,.321,,.493,.779,,.052,342,,.284,1204,,.251,.396,,24,0
43,10,Golden State Warriors*,82,19830,.462,13.4,,.709,.264,.176,.100,.169,.291,,.496,.654,.394,.396,.412,.380,,.540,.753,,.055,363,,.188,777,,.240,.413,,21,0
44,11,Houston Rockets*,82,19830,.472,11.9,,.670,.341,.214,.049,.065,.330,,.529,.663,.405,.391,.343,.358,,.472,.834,,.078,481,,.276,1046,,.230,.389,,11,1
45,12,Indiana Pacers*,82,19780,.449,13.0,,.765,.249,.188,.124,.205,.235,,.477,.611,.418,.382,.425,.357,,.498,.831,,.030,180,,.218,831,,.246,.406,,14,0
46,13,Los Angeles Clippers*,82,19755,.474,13.8,,.709,.267,.137,.097,.208,.291,,.525,.707,.408,.422,.415,.352,,.568,.847,,.081,496,,.188,817,,.286,.401,,11,1
47,14,Los Angeles Lakers,82,19705,.450,13.5,,.709,.247,.177,.116,.169,.291,,.478,.640,.407,.392,.375,.381,,.569,.854,,.045,283,,.202,843,,.239,.405,,6,0
48,15,Memphis Grizzlies*,82,19805,.464,11.3,,.829,.301,.223,.115,.191,.171,,.487,.631,.411,.420,.390,.353,,.526,.894,,.036,222,,.245,990,,.280,.368,,17,1
49,16,Miami Heat*,82,19880,.501,12.8,,.708,.330,.127,.084,.168,.292,,.558,.697,.467,.433,.413,.364,,.509,.880,,.064,383,,.255,1018,,.372,.429,,5,1
50,17,Milwaukee Bucks,82,19880,.438,12.1,,.769,.314,.168,.106,.182,.231,,.464,.584,.365,.389,.392,.353,,.547,.812,,.038,232,,.250,924,,.182,.375,,5,0
51,18,Minnesota Timberwolves,82,19855,.444,12.1,,.755,.334,.157,.091,.174,.245,,.478,.619,.386,.348,.358,.341,,.564,.838,,.042,278,,.277,1140,,.224,.332,,14,1
52,19,New Orleans Pelicans,82,19855,.459,11.5,,.807,.332,.183,.107,.184,.193,,.479,.598,.370,.419,.409,.373,,.506,.866,,.050,305,,.276,1027,,.231,.382,,20,0
53,20,New York Knicks,82,19855,.449,14.4,,.698,.252,.112,.111,.222,.302,,.482,.628,.355,.412,.417,.372,,.450,.818,,.055,342,,.185,688,,.207,.394,,21,0
54,Rk,Team,G,MP,FG%,Dist.,,2P,0-3,3-10,10-16,16-3P,3P,,2P,0-3,3-10,10-16,16-3P,3P,,2P,3P,,%FGA,Md.,,%FGA,Md.,,%3PA,3P%,,Att.,Md.
55,21,Oklahoma City Thunder*,82,19805,.471,13.0,,.729,.282,.149,.131,.167,.271,,.512,.668,.391,.434,.418,.361,,.521,.715,,.071,445,,.193,767,,.239,.353,,17,0
56,22,Orlando Magic,82,19955,.445,13.1,,.765,.277,.152,.103,.232,.235,,.474,.601,.385,.434,.399,.353,,.523,.783,,.036,230,,.224,844,,.284,.359,,14,0
57,23,Philadelphia 76ers,82,19855,.435,11.4,,.742,.353,.190,.087,.111,.258,,.477,.601,.356,.374,.373,.312,,.507,.879,,.043,282,,.297,1192,,.193,.331,,13,3
58,24,Phoenix Suns,82,19755,.463,13.1,,.700,.290,.149,.118,.143,.300,,.503,.648,.374,.430,.403,.372,,.388,.824,,.050,305,,.226,935,,.273,.404,,16,0
59,25,Portland Trail Blazers*,82,19855,.450,13.9,,.710,.258,.133,.110,.208,.290,,.481,.628,.368,.387,.422,.372,,.523,.816,,.041,269,,.199,825,,.252,.390,,10,0
60,26,Sacramento Kings,82,19830,.447,12.3,,.782,.249,.239,.106,.188,.218,,.479,.665,.391,.412,.382,.333,,.463,.760,,.056,338,,.205,845,,.205,.374,,8,1
61,27,San Antonio Spurs*,82,19755,.486,12.6,,.743,.287,.185,.090,.181,.257,,.517,.673,.437,.389,.413,.397,,.554,.872,,.033,204,,.252,1114,,.299,.410,,11,0
62,28,Toronto Raptors*,82,19955,.445,13.6,,.715,.226,.206,.103,.181,.285,,.475,.642,.417,.402,.372,.372,,.501,.835,,.043,260,,.177,692,,.259,.388,,12,2
63,29,Utah Jazz,82,19780,.444,12.7,,.763,.281,.177,.106,.199,.237,,.474,.653,.367,.374,.372,.344,,.486,.910,,.052,314,,.211,844,,.244,.393,,21,0
64,30,Washington Wizards*,82,20055,.459,13.2,,.754,.273,.143,.116,.221,.246,,.485,.676,.374,.366,.384,.380,,.525,.895,,.046,305,,.218,924,,.306,.401,,14,1
65,,League Average,82,19841,.454,12.8,,.741,.286,.169,.105,.180,.259,,.488,.636,.390,.401,.395,.360,,.518,.837,,.048,301,,.229,909,,.248,.390,,14.8,0.5
66,Rk,Team,G,MP,FG%,Dist.,,2P,0-3,3-10,10-16,16-3P,3P,,2P,0-3,3-10,10-16,16-3P,3P,,2P,3P,,%FGA,Md.,,%FGA,Md.,,%3PA,3P%,,Att.,Md.
67,1,Atlanta Hawks*,82,19730,.466,12.7,,.679,.291,.157,.080,.151,.321,,.506,.635,.393,.386,.441,.380,,.591,.918,,.038,225,,.249,1000,,.275,.421,,3,0
68,2,Boston Celtics*,82,19880,.443,12.8,,.720,.280,.144,.103,.193,.280,,.488,.621,.384,.407,.416,.327,,.565,.877,,.041,267,,.228,958,,.204,.374,,16,0
69,3,Brooklyn Nets*,82,19930,.451,11.9,,.760,.269,.213,.115,.163,.240,,.489,.615,.444,.408,.397,.331,,.488,.887,,.040,243,,.218,860,,.285,.389,,24,0
70,4,Chicago Bulls*,82,19880,.442,12.2,,.731,.312,.156,.100,.163,.269,,.474,.586,.392,.372,.401,.353,,.525,.842,,.038,237,,.261,950,,.218,.388,,18,2
71,5,Charlotte Hornets,82,19905,.420,12.8,,.774,.263,.153,.124,.234,.226,,.450,.572,.382,.389,.390,.318,,.521,.791,,.032,202,,.220,800,,.176,.389,,16,0
72,6,Cleveland Cavaliers*,82,19780,.458,12.8,,.666,.295,.155,.092,.124,.334,,.504,.647,.360,.387,.432,.367,,.509,.803,,.064,393,,.215,848,,.289,.365,,4,1
73,7,Dallas Mavericks*,82,19880,.463,12.8,,.704,.288,.140,.094,.182,.296,,.509,.659,.382,.420,.417,.352,,.482,.857,,.057,364,,.220,933,,.229,.393,,10,1
74,8,Denver Nuggets,82,19880,.433,12.3,,.716,.299,.176,.090,.152,.284,,.476,.622,.351,.396,.379,.325,,.506,.839,,.057,358,,.224,901,,.236,.344,,22,1
75,9,Detroit Pistons,82,19830,.432,11.8,,.710,.324,.192,.065,.128,.290,,.468,.600,.329,.382,.386,.344,,.512,.815,,.043,273,,.247,981,,.240,.396,,20,0
76,10,Golden State Warriors*,82,19730,.478,13.1,,.689,.288,.143,.104,.154,.311,,.514,.673,.372,.442,.397,.398,,.602,.821,,.062,396,,.206,939,,.221,.459,,24,0
77,11,Houston Rockets*,82,19805,.444,12.7,,.608,.310,.183,.047,.068,.392,,.506,.635,.392,.351,.328,.348,,.496,.833,,.057,361,,.252,976,,.328,.394,,17,0
78,12,Indiana Pacers,82,19855,.439,13.0,,.745,.245,.172,.105,.222,.255,,.469,.604,.399,.378,.418,.352,,.516,.858,,.027,155,,.203,797,,.266,.383,,17,0
79,13,Los Angeles Clippers*,82,19730,.473,14.1,,.678,.242,.119,.097,.219,.322,,.519,.680,.408,.437,.437,.376,,.563,.820,,.063,386,,.166,705,,.265,.396,,11,0
80,14,Los Angeles Lakers,82,19930,.435,12.5,,.780,.265,.150,.132,.233,.220,,.461,.651,.348,.374,.366,.344,,.527,.726,,.043,276,,.205,859,,.183,.396,,7,0
81,15,Memphis Grizzlies*,82,19905,.458,11.0,,.816,.308,.199,.129,.179,.184,,.485,.621,.405,.420,.386,.339,,.528,.865,,.029,173,,.263,1074,,.262,.383,,22,2
82,16,Miami Heat,82,19730,.456,12.4,,.738,.295,.142,.118,.184,.262,,.499,.629,.438,.424,.385,.335,,.481,.905,,.047,277,,.238,860,,.319,.374,,17,1
83,17,Milwaukee Bucks*,82,19930,.459,11.4,,.777,.338,.136,.110,.193,.223,,.486,.608,.352,.438,.394,.363,,.571,.888,,.052,320,,.259,977,,.316,.403,,4,0
84,18,Minnesota Timberwolves,82,19805,.438,11.6,,.821,.287,.176,.122,.235,.179,,.461,.622,.361,.410,.365,.332,,.557,.825,,.054,332,,.217,826,,.219,.366,,12,0
85,19,New Orleans Pelicans*,82,19780,.457,11.4,,.767,.348,.152,.098,.169,.233,,.484,.591,.383,.406,.398,.370,,.513,.875,,.050,313,,.286,1052,,.239,.412,,17,0
86,20,New York Knicks,82,19855,.428,13.3,,.760,.241,.147,.126,.247,.240,,.454,.587,.363,.393,.410,.347,,.550,.836,,.035,213,,.198,715,,.187,.351,,16,1
87,Rk,Team,G,MP,FG%,Dist.,,2P,0-3,3-10,10-16,16-3P,3P,,2P,0-3,3-10,10-16,16-3P,3P,,2P,3P,,%FGA,Md.,,%FGA,Md.,,%3PA,3P%,,Att.,Md.
88,21,Oklahoma City Thunder,82,19830,.447,11.9,,.738,.304,.156,.113,.165,.262,,.486,.615,.385,.436,.377,.339,,.461,.797,,.051,328,,.233,933,,.247,.373,,12,0
89,22,Orlando Magic,82,19755,.453,11.5,,.765,.317,.182,.094,.172,.235,,.486,.611,.386,.383,.415,.347,,.480,.868,,.052,315,,.241,929,,.260,.373,,11,0
90,23,Philadelphia 76ers,82,19805,.408,12.2,,.681,.321,.174,.069,.118,.319,,.449,.593,.316,.326,.322,.320,,.520,.873,,.051,318,,.257,938,,.181,.342,,18,0
91,24,Phoenix Suns,82,19880,.452,12.6,,.709,.294,.138,.124,.153,.291,,.497,.643,.374,.429,.383,.341,,.443,.801,,.045,291,,.237,1009,,.289,.361,,19,1
92,25,Portland Trail Blazers*,82,19855,.450,13.7,,.684,.248,.134,.112,.190,.316,,.491,.652,.411,.402,.393,.362,,.495,.776,,.034,227,,.193,834,,.249,.391,,14,0
93,26,Sacramento Kings,82,19855,.455,11.0,,.796,.303,.219,.094,.181,.204,,.484,.651,.356,.416,.395,.341,,.503,.837,,.066,391,,.239,937,,.299,.367,,12,0
94,27,San Antonio Spurs*,82,19955,.468,12.1,,.731,.278,.202,.103,.148,.269,,.505,.634,.462,.404,.395,.367,,.544,.919,,.028,172,,.239,999,,.288,.423,,10,0
95,28,Toronto Raptors*,82,19855,.455,12.7,,.698,.254,.195,.104,.145,.302,,.499,.644,.446,.393,.395,.352,,.476,.781,,.042,259,,.193,781,,.264,.408,,10,0
96,29,Utah Jazz,82,19705,.447,12.2,,.726,.299,.170,.096,.161,.274,,.486,.669,.333,.395,.363,.343,,.473,.900,,.066,401,,.214,830,,.275,.376,,18,1
97,30,Washington Wizards*,82,19955,.462,12.1,,.797,.287,.142,.138,.230,.203,,.488,.658,.385,.409,.389,.360,,.578,.889,,.050,327,,.220,879,,.280,.370,,12,0
98,,League Average,82,19839,.449,12.4,,.732,.290,.164,.103,.175,.268,,.485,.627,.384,.403,.394,.350,,.520,.843,,.047,293,,.228,903,,.254,.387,,14.4,0.4
99,Rk,Team,G,MP,FG%,Dist.,,2P,0-3,3-10,10-16,16-3P,3P,,2P,0-3,3-10,10-16,16-3P,3P,,2P,3P,,%FGA,Md.,,%FGA,Md.,,%3PA,3P%,,Att.,Md.
100,1,Atlanta Hawks*,82,19830,.458,12.7,,.664,.326,.121,.078,.138,.336,,.512,.623,.377,.431,.415,.350,,.582,.896,,.037,222,,.293,1182,,.244,.360,,12,1
101,2,Boston Celtics*,82,19780,.439,12.4,,.707,.318,.141,.094,.154,.293,,.483,.624,.355,.378,.373,.335,,.546,.856,,.025,169,,.290,1262,,.232,.345,,12,0
102,3,Brooklyn Nets,82,19755,.453,11.6,,.782,.284,.211,.106,.181,.218,,.481,.608,.425,.404,.392,.352,,.530,.844,,.032,202,,.266,1038,,.309,.391,,13,0
103,4,Chicago Bulls,82,19905,.441,12.2,,.756,.291,.162,.117,.185,.244,,.464,.573,.391,.400,.398,.371,,.515,.883,,.039,255,,.262,966,,.224,.397,,16,1
104,5,Charlotte Hornets*,82,19855,.439,13.7,,.652,.274,.129,.093,.156,.348,,.479,.599,.394,.383,.397,.362,,.482,.840,,.029,177,,.248,962,,.171,.409,,9,1
105,6,Cleveland Cavaliers*,82,19855,.460,13.3,,.648,.280,.149,.095,.125,.352,,.514,.658,.391,.378,.438,.362,,.481,.861,,.057,358,,.227,920,,.260,.391,,5,1
106,7,Dallas Mavericks*,82,20005,.444,13.7,,.661,.243,.149,.111,.159,.339,,.495,.656,.369,.431,.412,.344,,.500,.847,,.033,214,,.214,879,,.213,.390,,17,0
107,8,Denver Nuggets,82,19830,.442,11.8,,.723,.342,.158,.080,.142,.277,,.482,.586,.389,.373,.397,.338,,.543,.811,,.055,356,,.287,1053,,.210,.340,,18,2
108,9,Detroit Pistons*,82,19880,.439,12.3,,.697,.293,.184,.104,.116,.303,,.480,.611,.369,.410,.388,.345,,.422,.803,,.037,232,,.258,1032,,.254,.374,,30,1
109,10,Golden State Warriors*,82,19880,.487,13.5,,.638,.301,.125,.093,.119,.362,,.528,.660,.362,.422,.452,.416,,.626,.792,,.062,402,,.242,1032,,.229,.413,,22,2
110,11,Houston Rockets*,82,19830,.452,12.5,,.630,.321,.164,.064,.082,.370,,.514,.651,.356,.400,.379,.347,,.508,.793,,.070,442,,.266,1022,,.307,.360,,21,0
111,12,Indiana Pacers*,82,19880,.450,13.1,,.730,.270,.133,.108,.219,.270,,.486,.635,.435,.390,.381,.351,,.487,.804,,.038,245,,.240,981,,.273,.398,,13,0
112,13,Los Angeles Clippers*,82,19830,.465,14.2,,.676,.239,.129,.093,.215,.324,,.513,.674,.438,.425,.417,.364,,.526,.799,,.057,346,,.195,787,,.226,.405,,14,0
113,14,Los Angeles Lakers,82,19730,.414,13.0,,.710,.255,.163,.125,.168,.290,,.454,.590,.403,.369,.358,.317,,.450,.734,,.049,307,,.207,738,,.192,.330,,20,0
114,15,Memphis Grizzlies*,82,19830,.440,11.4,,.778,.313,.190,.103,.172,.222,,.471,.583,.389,.416,.392,.331,,.502,.859,,.037,218,,.285,1053,,.268,.324,,21,2
115,16,Miami Heat*,82,19830,.470,11.6,,.779,.303,.166,.128,.182,.221,,.508,.663,.422,.407,.401,.336,,.470,.928,,.054,341,,.249,1000,,.372,.358,,15,1
116,17,Milwaukee Bucks,82,19830,.467,10.1,,.811,.365,.190,.106,.149,.189,,.495,.617,.402,.397,.387,.345,,.555,.895,,.071,446,,.290,1066,,.282,.353,,14,0
117,18,Minnesota Timberwolves,82,19880,.464,11.9,,.798,.298,.160,.101,.239,.202,,.496,.661,.410,.372,.400,.338,,.578,.855,,.061,376,,.241,943,,.208,.386,,8,0
118,19,New Orleans Pelicans,82,19780,.448,12.5,,.723,.304,.144,.101,.174,.277,,.482,.597,.380,.385,.419,.360,,.510,.808,,.059,369,,.255,948,,.229,.332,,12,1
119,20,New York Knicks,82,19805,.439,13.0,,.744,.245,.154,.143,.201,.256,,.471,.585,.425,.407,.412,.346,,.477,.869,,.031,200,,.217,798,,.231,.405,,13,0
120,Rk,Team,G,MP,FG%,Dist.,,2P,0-3,3-10,10-16,16-3P,3P,,2P,0-3,3-10,10-16,16-3P,3P,,2P,3P,,%FGA,Md.,,%FGA,Md.,,%3PA,3P%,,Att.,Md.
121,21,Oklahoma City Thunder*,82,19830,.476,11.9,,.725,.330,.126,.122,.146,.275,,.524,.626,.438,.478,.410,.349,,.508,.758,,.070,447,,.262,1010,,.291,.357,,6,0
122,22,Orlando Magic,82,19905,.455,12.5,,.745,.296,.150,.093,.206,.255,,.492,.609,.422,.409,.409,.350,,.528,.873,,.045,284,,.253,1009,,.241,.370,,21,0
123,23,Philadelphia 76ers,82,19805,.431,12.4,,.673,.311,.166,.096,.099,.327,,.476,.628,.341,.361,.338,.339,,.501,.861,,.061,377,,.253,983,,.234,.366,,14,1
124,24,Phoenix Suns,82,19705,.435,12.6,,.698,.300,.151,.092,.155,.302,,.472,.614,.349,.396,.362,.348,,.470,.831,,.056,351,,.250,948,,.226,.368,,12,0
125,25,Portland Trail Blazers*,82,19805,.450,13.3,,.668,.282,.137,.092,.157,.332,,.490,.607,.361,.436,.423,.370,,.469,.771,,.052,328,,.232,872,,.238,.388,,11,0
126,26,Sacramento Kings,82,19805,.464,11.6,,.740,.297,.223,.066,.155,.260,,.500,.650,.404,.411,.389,.359,,.550,.856,,.059,374,,.276,1158,,.230,.418,,15,0
127,27,San Antonio Spurs*,82,19705,.484,12.2,,.777,.264,.175,.137,.201,.223,,.515,.667,.452,.440,.421,.375,,.549,.905,,.033,206,,.237,1018,,.283,.373,,11,0
128,28,Toronto Raptors*,82,19780,.451,12.3,,.713,.277,.187,.111,.139,.287,,.483,.624,.409,.394,.374,.370,,.400,.869,,.043,265,,.246,906,,.290,.413,,9,1
129,29,Utah Jazz,82,19955,.449,12.3,,.703,.282,.177,.119,.126,.297,,.488,.633,.394,.401,.378,.355,,.435,.821,,.060,363,,.225,825,,.314,.389,,22,0
130,30,Washington Wizards,82,19755,.460,12.9,,.718,.291,.129,.111,.188,.282,,.501,.638,.410,.415,.400,.358,,.548,.872,,.039,254,,.255,1067,,.246,.382,,14,1
131,,League Average,82,19826,.452,12.5,,.715,.293,.158,.103,.162,.285,,.491,.624,.396,.405,.398,.354,,.510,.836,,.048,304,,.251,982,,.248,.377,,14.7,0.5
132,Rk,Team,G,MP,FG%,Dist.,,2P,0-3,3-10,10-16,16-3P,3P,,2P,0-3,3-10,10-16,16-3P,3P,,2P,3P,,%FGA,Md.,,%FGA,Md.,,%3PA,3P%,,Att.,Md.
133,1,Atlanta Hawks*,82,19880,.451,13.0,,.691,.331,.117,.092,.151,.309,,.501,.616,.349,.394,.429,.341,,.542,.879,,.054,341,,.287,1093,,.234,.388,,12,0
134,2,Boston Celtics*,82,19755,.454,14.2,,.607,.296,.129,.071,.111,.393,,.515,.632,.395,.417,.405,.359,,.570,.836,,.033,211,,.271,1106,,.220,.410,,20,0
135,3,Brooklyn Nets,82,19755,.444,13.2,,.629,.309,.173,.077,.070,.371,,.506,.613,.418,.391,.374,.338,,.454,.851,,.035,225,,.300,1173,,.215,.375,,21,0
136,4,Chicago Bulls*,82,19780,.444,12.8,,.744,.280,.167,.117,.179,.256,,.479,.600,.449,.393,.377,.340,,.513,.875,,.038,248,,.255,1005,,.288,.415,,9,0
137,5,Charlotte Hornets,82,19830,.442,13.9,,.665,.282,.133,.099,.152,.335,,.488,.610,.400,.419,.380,.351,,.545,.795,,.034,218,,.253,1006,,.133,.377,,15,1
138,6,Cleveland Cavaliers*,82,19880,.470,14.4,,.601,.284,.110,.092,.115,.399,,.528,.666,.362,.427,.425,.384,,.441,.829,,.059,381,,.231,944,,.293,.412,,7,0
139,7,Dallas Mavericks,82,19780,.440,15.4,,.634,.201,.127,.116,.189,.366,,.489,.637,.444,.441,.391,.355,,.474,.813,,.040,237,,.167,650,,.196,.371,,17,0
140,8,Denver Nuggets,82,19755,.469,12.8,,.671,.330,.156,.078,.108,.329,,.519,.626,.441,.386,.397,.368,,.526,.870,,.053,347,,.283,1156,,.192,.387,,19,0
141,9,Detroit Pistons,82,19805,.449,13.1,,.737,.250,.189,.141,.157,.263,,.492,.646,.384,.445,.416,.330,,.455,.845,,.043,283,,.212,905,,.203,.384,,30,1
142,10,Golden State Warriors*,82,19780,.495,14.1,,.641,.303,.102,.107,.129,.359,,.557,.690,.408,.430,.469,.383,,.656,.832,,.075,500,,.235,1019,,.208,.409,,30,1
143,11,Houston Rockets*,82,19780,.462,14.4,,.538,.321,.125,.041,.051,.462,,.552,.667,.391,.375,.373,.357,,.546,.771,,.076,483,,.269,1146,,.202,.391,,14,0
144,12,Indiana Pacers*,82,19855,.465,13.5,,.728,.241,.186,.107,.194,.272,,.498,.625,.464,.417,.418,.376,,.498,.838,,.035,223,,.234,938,,.258,.403,,18,0
145,13,Los Angeles Clippers*,82,19755,.475,14.3,,.671,.275,.118,.081,.196,.329,,.525,.661,.419,.423,.439,.375,,.494,.786,,.067,414,,.223,879,,.198,.423,,17,2
146,14,Los Angeles Lakers,82,19705,.450,12.6,,.705,.299,.187,.103,.118,.295,,.493,.633,.397,.379,.390,.346,,.462,.771,,.056,358,,.250,1006,,.217,.368,,16,1
147,15,Memphis Grizzlies*,82,19905,.435,13.5,,.684,.288,.158,.092,.144,.316,,.473,.580,.416,.385,.380,.354,,.504,.811,,.033,203,,.267,979,,.192,.409,,31,0
148,16,Miami Heat,82,19780,.455,13.0,,.686,.290,.169,.094,.131,.314,,.496,.630,.412,.387,.389,.365,,.427,.890,,.054,350,,.238,927,,.301,.400,,14,0
149,17,Milwaukee Bucks*,82,19780,.474,11.9,,.710,.351,.174,.077,.108,.290,,.516,.644,.402,.377,.387,.370,,.534,.928,,.073,448,,.282,1073,,.276,.388,,12,0
150,18,Minnesota Timberwolves,82,19805,.467,12.4,,.751,.304,.164,.097,.186,.249,,.507,.645,.437,.392,.402,.349,,.535,.884,,.059,382,,.250,991,,.268,.393,,11,0
151,19,New Orleans Pelicans,82,19905,.450,13.4,,.692,.279,.170,.094,.149,.308,,.495,.627,.417,.427,.380,.350,,.503,.833,,.048,313,,.243,988,,.219,.373,,11,0
152,20,New York Knicks,82,19855,.447,13.2,,.721,.291,.126,.132,.172,.279,,.485,.591,.381,.440,.419,.348,,.469,.845,,.040,267,,.256,992,,.229,.425,,23,0
153,Rk,Team,G,MP,FG%,Dist.,,2P,0-3,3-10,10-16,16-3P,3P,,2P,0-3,3-10,10-16,16-3P,3P,,2P,3P,,%FGA,Md.,,%FGA,Md.,,%3PA,3P%,,Att.,Md.
154,21,Oklahoma City Thunder*,82,19805,.452,12.1,,.705,.346,.146,.104,.109,.295,,.504,.614,.418,.391,.379,.327,,.466,.773,,.063,401,,.285,1129,,.252,.345,,19,2
155,22,Orlando Magic,82,19805,.440,13.5,,.700,.266,.168,.109,.157,.300,,.488,.616,.427,.413,.390,.328,,.495,.874,,.042,272,,.231,917,,.182,.297,,25,0
156,23,Philadelphia 76ers,82,19830,.442,13.2,,.651,.309,.149,.092,.100,.349,,.496,.638,.376,.384,.344,.340,,.541,.875,,.047,301,,.269,1087,,.154,.406,,8,0
157,24,Phoenix Suns,82,19830,.450,12.5,,.745,.306,.154,.120,.165,.255,,.491,.629,.412,.402,.373,.332,,.421,.789,,.057,358,,.258,1066,,.269,.329,,20,0
158,25,Portland Trail Blazers*,82,19930,.459,13.4,,.678,.299,.141,.091,.148,.322,,.499,.596,.418,.441,.417,.375,,.444,.789,,.048,306,,.247,935,,.199,.375,,18,0
159,26,Sacramento Kings,82,19880,.461,13.1,,.709,.258,.195,.100,.155,.291,,.496,.642,.421,.412,.402,.376,,.506,.875,,.051,309,,.251,973,,.237,.416,,18,0
160,27,San Antonio Spurs*,82,19805,.469,13.5,,.719,.255,.159,.116,.191,.281,,.500,.644,.429,.391,.431,.391,,.525,.874,,.047,292,,.215,864,,.268,.433,,12,0
161,28,Toronto Raptors*,82,19780,.464,13.2,,.711,.254,.185,.120,.153,.289,,.505,.631,.450,.449,.407,.363,,.372,.817,,.040,256,,.235,919,,.273,.381,,12,1
162,29,Utah Jazz*,82,19755,.466,13.1,,.673,.297,.152,.105,.118,.327,,.511,.651,.413,.427,.363,.372,,.454,.799,,.069,416,,.233,870,,.280,.385,,14,1
163,30,Washington Wizards*,82,19855,.475,13.1,,.716,.300,.137,.108,.169,.284,,.515,.629,.429,.426,.442,.372,,.496,.858,,.047,302,,.260,1079,,.254,.351,,10,0
164,,League Average,82,19815,.457,13.3,,.684,.290,.152,.099,.142,.316,,.503,.631,.414,.412,.402,.358,,.495,.835,,.051,322,,.250,994,,.228,.388,,16.8,0.3
165,Rk,Team,G,MP,FG%,Dist.,,2P,0-3,3-10,10-16,16-3P,3P,,2P,0-3,3-10,10-16,16-3P,3P,,2P,3P,,%FGA,Md.,,%FGA,Md.,,%3PA,3P%,,Att.,Md.
166,1,Atlanta Hawks,82,19705,.446,13.6,,.637,.279,.131,.105,.122,.363,,.495,.635,.351,.399,.411,.360,,.520,.869,,.052,309,,.288,1064,,.243,.426,,22,0
167,2,Boston Celtics*,82,19805,.450,13.7,,.643,.259,.158,.106,.120,.357,,.491,.628,.364,.419,.426,.377,,.490,.813,,.047,274,,.261,935,,.213,.408,,18,0
168,3,Brooklyn Nets,82,19855,.441,13.7,,.589,.269,.175,.083,.062,.411,,.500,.643,.379,.400,.354,.356,,.507,.844,,.043,269,,.287,1098,,.201,.376,,13,1
169,4,Chicago Bulls,82,19855,.435,13.6,,.650,.254,.165,.095,.135,.350,,.478,.624,.390,.388,.377,.355,,.510,.848,,.039,261,,.250,942,,.184,.372,,15,0
170,5,Charlotte Hornets,82,19780,.450,13.2,,.686,.273,.160,.114,.138,.314,,.487,.642,.380,.408,.370,.369,,.484,.756,,.046,300,,.268,1030,,.154,.369,,21,0
171,6,Cleveland Cavaliers*,82,19730,.476,13.8,,.621,.297,.113,.092,.119,.379,,.540,.706,.368,.413,.387,.372,,.478,.819,,.051,319,,.269,1163,,.252,.417,,13,0
172,7,Dallas Mavericks,82,19805,.444,14.4,,.618,.241,.135,.105,.137,.382,,.496,.652,.400,.385,.405,.360,,.491,.824,,.048,295,,.222,850,,.169,.416,,20,0
173,8,Denver Nuggets,82,19880,.470,12.8,,.643,.275,.204,.090,.074,.357,,.525,.664,.424,.441,.391,.371,,.526,.848,,.055,356,,.302,1157,,.167,.417,,26,0
174,9,Detroit Pistons,82,19805,.450,13.1,,.667,.260,.185,.107,.116,.333,,.488,.657,.346,.433,.388,.373,,.465,.889,,.044,271,,.280,1047,,.227,.392,,19,1
175,10,Golden State Warriors*,82,19730,.503,14.0,,.661,.267,.111,.139,.144,.339,,.560,.708,.424,.485,.463,.391,,.643,.801,,.071,454,,.229,952,,.158,.405,,26,0
176,11,Houston Rockets*,82,19755,.460,15.0,,.498,.288,.104,.062,.044,.502,,.558,.669,.369,.454,.430,.362,,.470,.689,,.062,392,,.261,1004,,.228,.400,,17,1
177,12,Indiana Pacers*,82,19755,.472,13.0,,.716,.293,.136,.096,.191,.284,,.513,.638,.420,.449,.422,.369,,.465,.819,,.041,250,,.294,1168,,.220,.425,,21,0
178,13,Los Angeles Clippers,82,19705,.471,11.8,,.686,.347,.164,.083,.091,.314,,.525,.659,.378,.424,.378,.354,,.502,.726,,.082,512,,.301,1153,,.219,.338,,15,1
179,14,Los Angeles Lakers,82,19905,.461,12.4,,.671,.321,.168,.086,.096,.329,,.517,.670,.390,.354,.378,.345,,.492,.865,,.059,385,,.299,1253,,.159,.372,,17,0
180,15,Memphis Grizzlies,82,19705,.444,12.8,,.683,.312,.139,.100,.132,.317,,.486,.620,.352,.372,.398,.352,,.510,.815,,.049,296,,.304,1087,,.189,.350,,26,0
181,16,Miami Heat*,82,19930,.455,13.2,,.642,.280,.163,.095,.104,.358,,.508,.657,.416,.383,.366,.360,,.457,.908,,.053,336,,.268,1067,,.256,.388,,18,0
182,17,Milwaukee Bucks*,82,19830,.478,12.4,,.703,.310,.152,.114,.127,.297,,.531,.685,.373,.463,.406,.355,,.501,.883,,.068,419,,.279,1065,,.263,.405,,12,0
183,18,Minnesota Timberwolves*,82,19805,.476,12.3,,.739,.264,.196,.129,.150,.261,,.519,.690,.433,.432,.403,.357,,.487,.825,,.053,343,,.255,1029,,.226,.403,,12,0
184,19,New Orleans Pelicans*,82,19955,.483,12.5,,.681,.295,.179,.099,.109,.319,,.540,.667,.475,.441,.396,.362,,.549,.876,,.054,362,,.307,1294,,.233,.399,,14,0
185,20,New York Knicks,82,19830,.464,12.7,,.734,.278,.156,.140,.159,.266,,.504,.656,.398,.442,.399,.352,,.499,.869,,.040,259,,.276,1119,,.194,.406,,20,0
186,Rk,Team,G,MP,FG%,Dist.,,2P,0-3,3-10,10-16,16-3P,3P,,2P,0-3,3-10,10-16,16-3P,3P,,2P,3P,,%FGA,Md.,,%FGA,Md.,,%3PA,3P%,,Att.,Md.
187,21,Oklahoma City Thunder*,82,19830,.453,13.2,,.655,.315,.096,.105,.138,.345,,.505,.639,.367,.404,.375,.354,,.426,.831,,.067,408,,.272,1082,,.239,.372,,21,0
188,22,Orlando Magic,82,19730,.452,13.3,,.658,.259,.180,.108,.112,.342,,.504,.688,.398,.347,.403,.351,,.515,.851,,.052,335,,.272,1088,,.178,.374,,8,0
189,23,Philadelphia 76ers*,82,19780,.472,13.3,,.656,.272,.168,.109,.107,.344,,.526,.702,.401,.383,.421,.369,,.556,.954,,.060,386,,.270,1105,,.151,.397,,20,0
190,24,Phoenix Suns,82,19705,.442,12.5,,.680,.313,.145,.115,.107,.320,,.492,.618,.387,.399,.369,.334,,.467,.823,,.063,387,,.293,1079,,.209,.366,,16,0
191,25,Portland Trail Blazers*,82,19755,.452,13.0,,.676,.283,.155,.111,.127,.324,,.493,.609,.383,.434,.418,.366,,.416,.721,,.039,246,,.266,998,,.175,.386,,4,0
192,26,Sacramento Kings,82,19755,.450,12.9,,.722,.242,.205,.115,.159,.278,,.479,.642,.395,.385,.407,.375,,.477,.817,,.045,290,,.248,907,,.200,.409,,25,0
193,27,San Antonio Spurs*,82,19730,.457,12.7,,.718,.261,.169,.143,.144,.282,,.499,.660,.406,.416,.400,.352,,.497,.897,,.031,192,,.263,1080,,.235,.400,,16,0
194,28,Toronto Raptors*,82,19830,.472,13.2,,.623,.291,.160,.098,.074,.377,,.541,.681,.414,.428,.419,.358,,.499,.816,,.050,338,,.272,1114,,.243,.396,,19,1
195,29,Utah Jazz*,82,19755,.462,13.2,,.643,.284,.151,.100,.108,.357,,.515,.674,.370,.398,.408,.366,,.500,.805,,.069,434,,.273,994,,.268,.418,,14,0
196,30,Washington Wizards*,82,19855,.467,13.4,,.690,.243,.159,.139,.149,.310,,.508,.673,.418,.436,.405,.375,,.548,.880,,.042,248,,.252,1008,,.192,.376,,17,0
197,,League Average,82,19795,.460,13.2,,.663,.281,.156,.106,.120,.337,,.510,.658,.394,.415,.400,.362,,.499,.830,,.053,331,,.273,1064,,.208,.394,,17.5,0.2
198,Rk,Team,G,MP,FG%,Dist.,,2P,0-3,3-10,10-16,16-3P,3P,,2P,0-3,3-10,10-16,16-3P,3P,,2P,3P,,%FGA,Md.,,%FGA,Md.,,%3PA,3P%,,Att.,Md.
199,1,Atlanta Hawks,82,19855,.451,13.6,,.597,.332,.134,.083,.047,.403,,.518,.640,.356,.374,.374,.352,,.533,.824,,.081,528,,.306,1175,,.245,.393,,21,0
200,2,Boston Celtics*,82,19780,.465,14.5,,.619,.248,.147,.114,.109,.381,,.527,.677,.420,.448,.410,.365,,.527,.854,,.051,337,,.247,1028,,.196,.355,,7,0
201,3,Brooklyn Nets*,82,19980,.449,13.7,,.597,.299,.166,.084,.048,.403,,.513,.639,.373,.423,.366,.353,,.508,.774,,.051,326,,.309,1207,,.185,.377,,14,1
202,4,Chicago Bulls,82,19905,.453,12.4,,.705,.310,.191,.104,.101,.295,,.496,.627,.408,.392,.368,.351,,.465,.838,,.052,340,,.295,1112,,.218,.400,,14,0
203,5,Charlotte Hornets,82,19830,.448,13.9,,.622,.289,.165,.083,.084,.378,,.507,.625,.387,.440,.401,.351,,.494,.777,,.041,264,,.305,1181,,.194,.415,,37,2
204,6,Cleveland Cavaliers,82,19755,.444,13.4,,.668,.277,.171,.114,.105,.332,,.488,.619,.390,.411,.387,.355,,.435,.802,,.040,248,,.272,1042,,.207,.360,,11,0
205,7,Dallas Mavericks,82,19780,.447,14.5,,.578,.268,.157,.088,.065,.422,,.524,.677,.400,.397,.371,.340,,.506,.806,,.067,428,,.233,917,,.194,.383,,27,1
206,8,Denver Nuggets*,82,19730,.466,13.1,,.652,.277,.203,.101,.070,.348,,.527,.674,.407,.457,.394,.351,,.571,.883,,.053,348,,.270,1103,,.183,.406,,17,1
207,9,Detroit Pistons*,82,19855,.440,14.0,,.606,.263,.197,.074,.073,.394,,.500,.638,.396,.365,.419,.348,,.465,.831,,.044,277,,.304,1133,,.252,.380,,29,0
208,10,Golden State Warriors*,82,19805,.491,15.2,,.616,.250,.107,.121,.138,.384,,.557,.703,.433,.477,.458,.385,,.610,.803,,.074,504,,.216,916,,.195,.427,,19,2
209,11,Houston Rockets*,82,19830,.449,15.6,,.481,.261,.145,.050,.025,.519,,.551,.670,.400,.415,.452,.356,,.482,.626,,.060,392,,.255,969,,.242,.372,,8,1
210,12,Indiana Pacers*,82,19705,.475,12.9,,.708,.311,.158,.086,.152,.292,,.517,.651,.407,.416,.414,.374,,.557,.864,,.035,224,,.317,1304,,.229,.432,,10,1
211,13,Los Angeles Clippers*,82,19830,.471,12.4,,.705,.312,.182,.113,.098,.295,,.507,.638,.397,.426,.385,.388,,.497,.849,,.063,408,,.288,1081,,.210,.409,,15,0
212,14,Los Angeles Lakers,82,19780,.470,12.7,,.658,.345,.155,.078,.080,.342,,.541,.677,.387,.372,.419,.333,,.539,.793,,.084,572,,.307,1257,,.208,.348,,11,0
213,15,Memphis Grizzlies,82,19880,.450,13.3,,.658,.278,.184,.101,.095,.342,,.505,.643,.419,.390,.393,.342,,.562,.826,,.044,274,,.265,1019,,.232,.359,,15,0
214,16,Miami Heat,82,19730,.450,13.3,,.632,.291,.175,.102,.064,.368,,.509,.637,.427,.375,.364,.349,,.505,.880,,.066,437,,.270,1058,,.256,.375,,16,1
215,17,Milwaukee Bucks*,82,19780,.476,13.9,,.581,.340,.122,.066,.053,.419,,.565,.698,.346,.424,.389,.353,,.500,.825,,.073,488,,.307,1342,,.195,.386,,8,0
216,18,Minnesota Timberwolves,82,19830,.456,13.1,,.685,.288,.176,.099,.121,.315,,.504,.660,.391,.395,.388,.351,,.505,.862,,.046,319,,.286,1183,,.215,.387,,16,0
217,19,New Orleans Pelicans,82,19755,.473,12.4,,.676,.315,.199,.094,.068,.324,,.536,.674,.423,.447,.344,.344,,.542,.869,,.054,379,,.312,1371,,.206,.351,,12,0
218,20,New York Knicks,82,19780,.433,13.5,,.666,.311,.129,.103,.122,.334,,.479,.603,.345,.386,.385,.340,,.418,.826,,.052,315,,.288,1083,,.166,.342,,8,0
219,Rk,Team,G,MP,FG%,Dist.,,2P,0-3,3-10,10-16,16-3P,3P,,2P,0-3,3-10,10-16,16-3P,3P,,2P,3P,,%FGA,Md.,,%FGA,Md.,,%3PA,3P%,,Att.,Md.
220,21,Oklahoma City Thunder*,82,19855,.454,12.9,,.653,.339,.132,.102,.080,.347,,.510,.637,.362,.372,.393,.348,,.451,.814,,.068,459,,.294,1206,,.256,.376,,21,2
221,22,Orlando Magic*,82,19780,.454,14.4,,.640,.246,.161,.104,.128,.360,,.509,.674,.422,.384,.401,.356,,.553,.832,,.053,353,,.239,954,,.191,.380,,23,0
222,23,Philadelphia 76ers*,82,19805,.471,13.5,,.658,.285,.166,.105,.101,.342,,.529,.696,.401,.401,.401,.359,,.546,.937,,.064,412,,.261,1089,,.178,.367,,12,0
223,24,Phoenix Suns,82,19880,.459,13.1,,.665,.301,.158,.114,.093,.335,,.525,.656,.407,.440,.400,.329,,.528,.808,,.068,434,,.267,1033,,.234,.339,,14,1
224,25,Portland Trail Blazers*,82,19855,.467,13.2,,.661,.329,.133,.090,.109,.339,,.523,.621,.404,.454,.428,.359,,.472,.749,,.060,383,,.273,1103,,.151,.366,,8,0
225,26,Sacramento Kings,82,19730,.464,13.1,,.679,.277,.199,.097,.104,.321,,.504,.674,.375,.404,.395,.378,,.507,.818,,.063,437,,.274,1125,,.200,.390,,17,0
226,27,San Antonio Spurs*,82,19805,.478,13.9,,.714,.214,.179,.156,.165,.286,,.513,.680,.457,.436,.431,.392,,.494,.865,,.029,186,,.230,995,,.196,.456,,16,0
227,28,Toronto Raptors*,82,19880,.474,13.8,,.621,.279,.169,.090,.083,.379,,.539,.659,.452,.431,.432,.366,,.499,.852,,.044,294,,.263,1101,,.276,.425,,15,0
228,29,Utah Jazz*,82,19755,.468,13.5,,.606,.315,.153,.073,.064,.394,,.541,.684,.369,.398,.412,.356,,.556,.848,,.091,573,,.288,1098,,.277,.374,,19,1
229,30,Washington Wizards,82,19930,.468,13.8,,.630,.306,.137,.086,.101,.370,,.543,.698,.403,.386,.393,.341,,.533,.868,,.067,454,,.282,1210,,.213,.360,,12,0
230,,League Average,82,19818,.461,13.5,,.641,.292,.162,.096,.092,.359,,.520,.658,.400,.413,.401,.355,,.513,.823,,.058,380,,.278,1113,,.214,.383,,15.7,0.5
231,Rk,Team,G,MP,FG%,Dist.,,2P,0-3,3-10,10-16,16-3P,3P,,2P,0-3,3-10,10-16,16-3P,3P,,2P,3P,,%FGA,Md.,,%FGA,Md.,,%3PA,3P%,,Att.,Md.
232,1,Atlanta Hawks,67,16280,.449,14.1,,.602,.291,.155,.097,.059,.398,,.525,.658,.414,.394,.376,.333,,.525,.743,,.086,448,,.268,829,,.201,.342,,13,1
233,2,Boston Celtics*,72,17430,.461,13.9,,.614,.276,.173,.094,.071,.386,,.522,.662,.387,.437,.416,.364,,.491,.707,,.053,302,,.307,1039,,.181,.396,,22,0
234,3,Brooklyn Nets*,72,17480,.448,13.8,,.577,.315,.150,.070,.042,.423,,.524,.651,.358,.381,.413,.343,,.518,.789,,.068,383,,.318,1061,,.213,.369,,13,0
235,4,Chicago Bulls,65,15675,.447,13.3,,.604,.340,.152,.057,.055,.396,,.511,.627,.362,.375,.354,.348,,.487,.812,,.072,372,,.305,900,,.225,.383,,13,0
236,5,Charlotte Hornets,65,15750,.434,13.5,,.601,.303,.192,.062,.044,.399,,.489,.627,.357,.321,.352,.352,,.560,.803,,.061,307,,.299,828,,.201,.397,,14,0
237,6,Cleveland Cavaliers,65,15725,.458,13.2,,.638,.297,.183,.101,.057,.362,,.519,.640,.407,.443,.385,.351,,.472,.835,,.057,295,,.267,833,,.188,.396,,7,0
238,7,Dallas Mavericks*,75,18175,.461,15.2,,.543,.245,.162,.082,.053,.457,,.541,.696,.407,.413,.431,.367,,.483,.783,,.054,325,,.236,927,,.204,.408,,20,0
239,8,Denver Nuggets*,73,17745,.473,13.3,,.656,.278,.180,.105,.092,.344,,.533,.687,.402,.417,.456,.359,,.560,.853,,.056,326,,.270,1003,,.208,.401,,19,1
240,9,Detroit Pistons,66,15965,.459,13.2,,.619,.282,.214,.072,.050,.381,,.515,.660,.400,.369,.401,.367,,.499,.871,,.061,314,,.304,891,,.284,.422,,13,1
241,10,Golden State Warriors,65,15725,.438,14.4,,.645,.244,.166,.108,.128,.355,,.495,.666,.382,.416,.384,.334,,.597,.841,,.068,343,,.252,733,,.182,.405,,11,0
242,11,Houston Rockets*,72,17380,.451,15.2,,.499,.297,.126,.040,.036,.501,,.557,.672,.379,.403,.402,.345,,.430,.692,,.050,297,,.293,1075,,.245,.378,,10,0
243,12,Indiana Pacers*,73,17620,.476,13.3,,.683,.298,.151,.119,.116,.317,,.529,.651,.428,.456,.420,.363,,.533,.867,,.037,216,,.302,1130,,.232,.389,,10,0
244,13,Los Angeles Clippers*,72,17380,.466,13.8,,.625,.272,.167,.104,.081,.375,,.522,.669,.408,.419,.400,.371,,.465,.818,,.067,392,,.243,834,,.250,.401,,11,0
245,14,Los Angeles Lakers*,71,17090,.480,13.4,,.642,.315,.147,.084,.097,.358,,.552,.723,.401,.401,.355,.349,,.518,.831,,.091,528,,.277,1025,,.260,.402,,10,0
246,15,Memphis Grizzlies,73,17570,.468,13.0,,.654,.281,.210,.103,.060,.346,,.532,.667,.443,.427,.397,.347,,.547,.880,,.057,337,,.265,989,,.202,.381,,12,0
247,16,Miami Heat*,73,17745,.468,14.7,,.581,.255,.159,.090,.077,.419,,.532,.693,.418,.398,.386,.379,,.558,.849,,.073,401,,.231,811,,.231,.381,,19,0
248,17,Milwaukee Bucks*,73,17595,.476,14.6,,.572,.284,.141,.082,.064,.428,,.567,.717,.374,.458,.467,.355,,.498,.811,,.057,355,,.274,1066,,.204,.392,,9,0
249,18,Minnesota Timberwolves,64,15560,.441,14.0,,.567,.308,.164,.055,.040,.433,,.521,.640,.384,.373,.372,.336,,.490,.791,,.043,229,,.325,1020,,.173,.339,,11,1
250,19,New Orleans Pelicans,72,17430,.465,13.8,,.597,.309,.144,.079,.065,.403,,.528,.666,.376,.394,.378,.370,,.516,.874,,.060,359,,.302,1106,,.233,.401,,20,0
251,20,New York Knicks,66,15965,.447,12.9,,.682,.313,.159,.091,.119,.318,,.499,.640,.364,.401,.382,.337,,.451,.872,,.072,370,,.286,867,,.201,.374,,7,0
252,Rk,Team,G,MP,FG%,Dist.,,2P,0-3,3-10,10-16,16-3P,3P,,2P,0-3,3-10,10-16,16-3P,3P,,2P,3P,,%FGA,Md.,,%FGA,Md.,,%3PA,3P%,,Att.,Md.
253,21,Oklahoma City Thunder*,72,17430,.468,13.8,,.647,.260,.173,.128,.087,.353,,.529,.680,.386,.455,.474,.355,,.457,.778,,.061,342,,.272,864,,.195,.357,,22,1
254,22,Orlando Magic*,73,17570,.444,14.2,,.636,.252,.169,.121,.095,.364,,.502,.664,.406,.392,.381,.343,,.511,.859,,.052,292,,.260,909,,.142,.395,,25,1
255,23,Philadelphia 76ers*,73,17595,.468,13.8,,.640,.266,.173,.114,.087,.360,,.524,.688,.410,.408,.399,.368,,.516,.913,,.056,329,,.254,917,,.193,.409,,12,0
256,24,Phoenix Suns,73,17595,.468,13.4,,.639,.296,.146,.116,.081,.361,,.529,.659,.404,.444,.405,.358,,.574,.889,,.054,306,,.271,979,,.240,.374,,8,0
257,25,Portland Trail Blazers*,74,17835,.463,14.3,,.626,.272,.139,.117,.097,.374,,.514,.634,.399,.428,.446,.377,,.409,.669,,.047,288,,.243,888,,.185,.418,,12,0
258,26,Sacramento Kings,72,17455,.462,14.2,,.605,.253,.187,.090,.075,.395,,.527,.689,.400,.416,.426,.364,,.471,.828,,.052,302,,.258,930,,.211,.392,,8,1
259,27,San Antonio Spurs,71,17215,.472,14.1,,.682,.233,.158,.144,.147,.318,,.516,.666,.435,.458,.422,.376,,.481,.888,,.035,197,,.241,878,,.207,.400,,15,0
260,28,Toronto Raptors*,72,17380,.458,14.0,,.579,.311,.155,.056,.058,.421,,.519,.645,.381,.367,.351,.374,,.530,.811,,.054,315,,.305,1025,,.217,.382,,12,0
261,29,Utah Jazz*,72,17355,.471,14.1,,.586,.256,.196,.087,.048,.414,,.535,.692,.407,.420,.428,.380,,.452,.775,,.064,345,,.268,889,,.249,.418,,21,1
262,30,Washington Wizards,72,17355,.457,14.2,,.642,.259,.160,.111,.112,.358,,.506,.688,.363,.410,.387,.368,,.509,.832,,.047,276,,.285,1029,,.167,.388,,18,1
263,,League Average,71,17061,.460,13.9,,.616,.282,.165,.093,.077,.384,,.524,.667,.396,.416,.404,.358,,.504,.815,,.059,330,,.276,943,,.211,.390,,13.9,0.3
264,Rk,Team,G,MP,FG%,Dist.,,2P,0-3,3-10,10-16,16-3P,3P,,2P,0-3,3-10,10-16,16-3P,3P,,2P,3P,,%FGA,Md.,,%FGA,Md.,,%3PA,3P%,,Att.,Md.
265,1,Atlanta Hawks*,72,17405,.468,13.9,,.618,.260,.178,.119,.061,.382,,.526,.656,.415,.454,.443,.373,,.504,.791,,.065,368,,.252,818,,.207,.400,,9,0
266,2,Boston Celtics*,72,17380,.466,14.7,,.591,.218,.208,.094,.071,.409,,.530,.693,.453,.412,.414,.374,,.478,.746,,.054,307,,.263,941,,.191,.393,,16,0
267,3,Brooklyn Nets*,72,17405,.494,14.1,,.587,.271,.164,.097,.055,.413,,.565,.693,.443,.480,.450,.392,,.536,.795,,.062,357,,.261,936,,.220,.408,,9,0
268,4,Chicago Bulls,72,17380,.476,13.8,,.617,.275,.178,.085,.079,.383,,.542,.672,.447,.428,.425,.370,,.549,.838,,.048,281,,.282,1021,,.231,.427,,13,1
269,5,Charlotte Hornets,72,17355,.455,14.2,,.578,.283,.166,.071,.059,.422,,.517,.637,.400,.418,.387,.369,,.589,.831,,.063,355,,.281,907,,.221,.421,,11,0
270,6,Cleveland Cavaliers,72,17430,.450,12.6,,.653,.310,.211,.085,.047,.347,,.510,.626,.419,.400,.354,.336,,.540,.840,,.061,341,,.289,946,,.220,.376,,4,0
271,7,Dallas Mavericks*,72,17305,.470,15.3,,.564,.230,.152,.111,.071,.436,,.554,.715,.429,.475,.426,.362,,.445,.778,,.055,291,,.215,796,,.208,.368,,14,1
272,8,Denver Nuggets*,72,17480,.485,14.1,,.617,.226,.215,.095,.081,.383,,.552,.730,.460,.444,.425,.377,,.523,.851,,.051,295,,.268,1005,,.219,.429,,16,0
273,9,Detroit Pistons,72,17430,.452,13.5,,.615,.273,.210,.073,.060,.385,,.515,.660,.416,.359,.386,.351,,.509,.901,,.057,312,,.303,1014,,.226,.351,,5,0
274,10,Golden State Warriors,72,17305,.468,15.3,,.561,.229,.181,.072,.079,.439,,.541,.709,.449,.402,.391,.376,,.595,.806,,.064,370,,.267,962,,.210,.402,,16,1
275,11,Houston Rockets,72,17305,.444,14.7,,.541,.284,.158,.043,.056,.459,,.532,.683,.385,.354,.317,.339,,.486,.814,,.056,314,,.309,1091,,.227,.342,,9,1
276,12,Indiana Pacers,72,17455,.474,13.2,,.628,.316,.176,.081,.054,.372,,.540,.655,.414,.445,.417,.364,,.535,.880,,.033,198,,.341,1301,,.210,.421,,6,0
277,13,Los Angeles Clippers*,72,17280,.482,14.8,,.600,.219,.164,.121,.095,.400,,.529,.688,.432,.446,.439,.411,,.454,.834,,.060,326,,.210,734,,.271,.472,,13,1
278,14,Los Angeles Lakers*,72,17455,.472,13.5,,.637,.288,.167,.105,.077,.363,,.539,.701,.434,.403,.350,.354,,.506,.877,,.065,344,,.282,1046,,.250,.367,,10,0
279,15,Memphis Grizzlies*,72,17405,.467,13.0,,.658,.251,.221,.141,.046,.342,,.525,.661,.443,.453,.393,.356,,.543,.872,,.051,297,,.261,959,,.258,.377,,4,0
280,16,Miami Heat*,72,17380,.468,14.8,,.568,.247,.161,.096,.064,.432,,.553,.719,.437,.427,.391,.358,,.562,.893,,.057,309,,.255,910,,.239,.361,,14,0
281,17,Milwaukee Bucks*,72,17330,.487,14.6,,.596,.255,.155,.104,.082,.404,,.554,.717,.419,.457,.426,.389,,.468,.782,,.059,348,,.260,1001,,.211,.407,,9,0
282,18,Minnesota Timberwolves,72,17405,.448,13.7,,.587,.299,.172,.061,.054,.413,,.518,.650,.391,.363,.362,.349,,.532,.835,,.059,329,,.311,1098,,.208,.362,,8,0
283,19,New Orleans Pelicans,72,17430,.477,12.6,,.658,.336,.165,.087,.071,.342,,.544,.660,.413,.414,.457,.348,,.526,.871,,.060,348,,.345,1230,,.237,.345,,17,3
284,20,New York Knicks*,72,17430,.456,13.5,,.653,.254,.190,.118,.091,.347,,.490,.637,.385,.407,.411,.392,,.416,.842,,.054,300,,.262,829,,.283,.426,,5,0
285,Rk,Team,G,MP,FG%,Dist.,,2P,0-3,3-10,10-16,16-3P,3P,,2P,0-3,3-10,10-16,16-3P,3P,,2P,3P,,%FGA,Md.,,%FGA,Md.,,%3PA,3P%,,Att.,Md.
286,21,Oklahoma City Thunder,72,17355,.441,13.7,,.601,.278,.200,.074,.050,.399,,.509,.635,.401,.410,.381,.339,,.455,.824,,.048,275,,.314,1031,,.188,.375,,16,1
287,22,Orlando Magic,72,17330,.429,14.4,,.644,.201,.212,.121,.109,.356,,.476,.652,.386,.424,.388,.343,,.469,.827,,.036,197,,.258,838,,.150,.359,,10,0
288,23,Philadelphia 76ers*,72,17430,.476,13.7,,.653,.241,.203,.117,.092,.347,,.531,.672,.436,.479,.438,.374,,.452,.894,,.056,321,,.244,819,,.261,.417,,9,0
289,24,Phoenix Suns*,72,17480,.490,14.9,,.608,.211,.158,.148,.091,.392,,.563,.718,.470,.509,.454,.378,,.524,.849,,.039,232,,.215,843,,.265,.430,,11,0
290,25,Portland Trail Blazers*,72,17305,.453,15.6,,.552,.244,.133,.085,.089,.448,,.509,.637,.378,.439,.422,.385,,.405,.693,,.033,183,,.254,937,,.159,.393,,10,0
291,26,Sacramento Kings,72,17305,.481,13.6,,.624,.249,.213,.106,.056,.376,,.551,.717,.432,.479,.400,.364,,.516,.805,,.062,359,,.260,931,,.212,.422,,12,0
292,27,San Antonio Spurs,72,17480,.462,13.3,,.686,.240,.199,.142,.105,.314,,.514,.658,.435,.433,.444,.350,,.492,.877,,.035,204,,.281,1019,,.200,.377,,5,0
293,28,Toronto Raptors,72,17305,.448,14.9,,.556,.236,.194,.065,.061,.444,,.512,.662,.407,.409,.375,.368,,.483,.822,,.051,280,,.286,969,,.225,.388,,11,0
294,29,Utah Jazz*,72,17355,.468,15.5,,.512,.207,.201,.069,.035,.488,,.544,.703,.443,.448,.372,.389,,.444,.763,,.058,325,,.225,786,,.254,.408,,13,0
295,30,Washington Wizards*,72,17405,.475,13.6,,.681,.199,.268,.101,.114,.319,,.533,.695,.515,.408,.402,.351,,.501,.880,,.055,320,,.299,1074,,.231,.369,,9,0
296,,League Average,72,17381,.466,14.1,,.608,.254,.186,.096,.072,.392,,.530,.675,.428,.435,.409,.367,,.502,.826,,.054,303,,.272,960,,.222,.395,,10.5,0.3
297,Rk,Team,G,MP,FG%,Dist.,,2P,0-3,3-10,10-16,16-3P,3P,,2P,0-3,3-10,10-16,16-3P,3P,,2P,3P,,%FGA,Md.,,%FGA,Md.,,%3PA,3P%,,Att.,Md.
298,1,Atlanta Hawks*,82,19705,.470,14.5,,.610,.246,.164,.111,.089,.390,,.531,.669,.437,.444,.429,.374,,.529,.735,,.060,401,,.233,916,,.221,.426,,14,1
299,2,Boston Celtics*,82,19905,.466,14.8,,.575,.218,.203,.082,.073,.425,,.547,.739,.450,.411,.398,.356,,.512,.813,,.058,370,,.276,1147,,.231,.389,,10,0
300,3,Brooklyn Nets*,82,19755,.475,13.9,,.641,.245,.166,.136,.094,.359,,.538,.659,.447,.475,.478,.361,,.541,.764,,.053,338,,.251,982,,.235,.393,,7,0
301,4,Chicago Bulls*,82,19730,.480,13.8,,.668,.259,.151,.127,.131,.332,,.535,.677,.452,.450,.435,.369,,.476,.852,,.050,321,,.247,1019,,.273,.418,,18,1
302,5,Charlotte Hornets,82,19880,.468,13.9,,.582,.290,.177,.069,.047,.418,,.542,.690,.385,.402,.419,.365,,.559,.857,,.079,531,,.285,1141,,.287,.372,,20,0
303,6,Cleveland Cavaliers,82,19730,.469,13.7,,.613,.284,.182,.091,.056,.387,,.541,.697,.402,.426,.391,.355,,.556,.822,,.080,501,,.243,944,,.235,.332,,9,1
304,7,Dallas Mavericks*,82,19755,.461,15.3,,.561,.206,.176,.108,.071,.439,,.548,.736,.450,.452,.395,.350,,.502,.783,,.059,357,,.208,874,,.262,.398,,15,0
305,8,Denver Nuggets*,82,19805,.483,14.4,,.584,.236,.204,.073,.071,.416,,.575,.744,.480,.439,.427,.353,,.584,.857,,.059,373,,.266,1128,,.265,.384,,24,0
306,9,Detroit Pistons,82,19780,.431,14.0,,.609,.247,.209,.081,.073,.391,,.498,.645,.422,.354,.376,.326,,.498,.893,,.039,257,,.304,1187,,.267,.361,,20,0
307,10,Golden State Warriors*,82,19730,.469,15.5,,.544,.205,.201,.070,.068,.456,,.557,.711,.510,.408,.382,.364,,.595,.804,,.057,371,,.282,1193,,.215,.339,,24,1
308,11,Houston Rockets,82,19755,.456,14.2,,.552,.299,.181,.038,.034,.448,,.543,.689,.384,.322,.347,.349,,.502,.784,,.089,547,,.299,1142,,.173,.350,,18,0
309,12,Indiana Pacers,82,19880,.463,14.1,,.605,.265,.177,.093,.069,.395,,.541,.675,.458,.419,.403,.344,,.510,.860,,.045,294,,.303,1307,,.253,.377,,25,0
310,13,Los Angeles Clippers,82,19780,.458,14.9,,.609,.208,.183,.118,.100,.391,,.512,.691,.449,.436,.349,.374,,.503,.805,,.053,324,,.211,833,,.214,.410,,17,0
311,14,Los Angeles Lakers,82,19980,.469,14.0,,.612,.277,.162,.087,.085,.388,,.546,.710,.420,.409,.395,.347,,.476,.825,,.062,403,,.310,1326,,.229,.372,,5,0
312,15,Memphis Grizzlies*,82,19780,.461,12.9,,.654,.263,.235,.111,.045,.346,,.519,.674,.423,.410,.382,.353,,.504,.854,,.056,384,,.272,1165,,.231,.368,,14,0
313,16,Miami Heat*,82,19855,.467,14.9,,.578,.224,.182,.107,.065,.422,,.531,.695,.434,.438,.386,.379,,.537,.849,,.049,304,,.236,941,,.296,.418,,23,0
314,17,Milwaukee Bucks*,82,19755,.468,15.1,,.570,.236,.161,.103,.070,.430,,.544,.717,.420,.446,.395,.366,,.461,.789,,.049,317,,.251,1080,,.241,.393,,11,0
315,18,Minnesota Timberwolves*,82,19780,.457,14.5,,.546,.267,.173,.059,.047,.454,,.540,.677,.413,.432,.366,.358,,.519,.797,,.066,429,,.278,1136,,.223,.394,,19,0
316,19,New Orleans Pelicans*,82,19755,.457,13.6,,.635,.266,.189,.100,.081,.365,,.528,.668,.427,.458,.394,.332,,.531,.873,,.055,354,,.290,1118,,.240,.369,,18,2
317,20,New York Knicks,82,19780,.437,14.7,,.572,.253,.158,.086,.074,.428,,.497,.654,.374,.376,.361,.357,,.465,.795,,.069,431,,.238,858,,.219,.392,,7,0
318,Rk,Team,G,MP,FG%,Dist.,,2P,0-3,3-10,10-16,16-3P,3P,,2P,0-3,3-10,10-16,16-3P,3P,,2P,3P,,%FGA,Md.,,%FGA,Md.,,%3PA,3P%,,Att.,Md.
319,21,Oklahoma City Thunder,82,19805,.430,14.3,,.581,.205,.261,.073,.041,.419,,.507,.643,.444,.427,.366,.323,,.466,.828,,.052,325,,.320,1199,,.207,.349,,9,0
320,22,Orlando Magic,82,19780,.434,14.4,,.583,.223,.227,.069,.063,.417,,.507,.670,.425,.420,.329,.331,,.499,.880,,.061,384,,.268,1028,,.212,.385,,16,0
321,23,Philadelphia 76ers*,82,19805,.466,14.0,,.624,.240,.194,.119,.071,.376,,.527,.702,.414,.417,.431,.364,,.505,.835,,.050,315,,.249,982,,.244,.394,,12,0
322,24,Phoenix Suns*,82,19730,.485,14.2,,.646,.188,.222,.149,.088,.354,,.551,.709,.503,.497,.427,.364,,.552,.832,,.053,370,,.220,951,,.260,.390,,13,0
323,25,Portland Trail Blazers,82,19730,.442,14.6,,.578,.260,.173,.074,.071,.422,,.513,.630,.423,.421,.402,.346,,.500,.787,,.047,293,,.274,1031,,.210,.368,,11,0
324,26,Sacramento Kings,82,19805,.460,13.9,,.623,.233,.219,.099,.072,.377,,.530,.698,.433,.423,.425,.344,,.498,.807,,.059,362,,.264,1079,,.219,.385,,13,1
325,27,San Antonio Spurs,82,19805,.467,13.4,,.655,.236,.226,.124,.069,.345,,.527,.674,.455,.441,.413,.352,,.551,.912,,.036,251,,.291,1254,,.230,.368,,14,1
326,28,Toronto Raptors*,82,19855,.445,14.3,,.625,.225,.209,.097,.095,.375,,.503,.653,.439,.426,.365,.349,,.434,.804,,.055,354,,.245,975,,.240,.400,,17,2
327,29,Utah Jazz*,82,19730,.471,15.1,,.532,.203,.235,.066,.029,.468,,.568,.729,.481,.458,.396,.360,,.454,.727,,.070,442,,.246,989,,.242,.383,,14,1
328,30,Washington Wizards,82,19830,.472,13.9,,.644,.226,.225,.107,.086,.356,,.543,.727,.456,.430,.426,.342,,.532,.860,,.065,408,,.280,1135,,.246,.397,,11,0
329,,League Average,82,19793,.461,14.3,,.601,.241,.194,.094,.071,.399,,.533,.687,.439,.431,.400,.354,,.512,.821,,.058,370,,.265,1069,,.237,.383,,14.9,0.4
330,Rk,Team,G,MP,FG%,Dist.,,2P,0-3,3-10,10-16,16-3P,3P,,2P,0-3,3-10,10-16,16-3P,3P,,2P,3P,,%FGA,Md.,,%FGA,Md.,,%3PA,3P%,,Att.,Md.
331,1,Atlanta Hawks*,82,19855,.483,13.2,,.669,.250,.186,.133,.091,.331,,.548,.696,.440,.486,.439,.352,,.488,.755,,.064,450,,.242,1022,,.262,.364,,8,0
332,2,Boston Celtics*,82,19980,.475,15.3,,.520,.210,.192,.063,.048,.480,,.567,.732,.466,.463,.390,.377,,.509,.814,,.051,335,,.272,1166,,.223,.403,,12,0
333,3,Brooklyn Nets*,82,19730,.487,14.6,,.603,.222,.177,.122,.082,.397,,.559,.701,.459,.489,.494,.378,,.525,.820,,.059,373,,.222,891,,.243,.392,,6,0
334,4,Chicago Bulls,82,19905,.490,13.6,,.667,.281,.146,.116,.125,.333,,.555,.683,.474,.464,.446,.361,,.474,.886,,.054,329,,.273,1163,,.262,.397,,4,0
335,5,Charlotte Hornets,82,19830,.457,13.1,,.640,.287,.208,.087,.058,.360,,.528,.688,.384,.439,.385,.330,,.536,.817,,.073,482,,.287,1149,,.261,.354,,10,0
336,6,Cleveland Cavaliers*,82,19880,.488,13.2,,.629,.278,.196,.092,.054,.371,,.559,.717,.440,.450,.378,.367,,.545,.715,,.084,536,,.239,982,,.238,.367,,12,0
337,7,Dallas Mavericks,82,19930,.475,15.6,,.513,.218,.169,.080,.046,.487,,.574,.708,.499,.470,.396,.371,,.448,.776,,.050,304,,.226,937,,.271,.403,,26,1
338,8,Denver Nuggets*,82,19755,.504,13.2,,.639,.258,.213,.083,.077,.361,,.575,.758,.477,.401,.421,.379,,.597,.808,,.080,509,,.279,1188,,.251,.407,,27,2
339,9,Detroit Pistons,82,19805,.454,13.8,,.628,.217,.224,.111,.068,.372,,.516,.677,.431,.432,.413,.351,,.466,.832,,.060,396,,.249,942,,.264,.372,,13,0
340,10,Golden State Warriors*,82,19830,.479,16.0,,.521,.177,.210,.069,.065,.479,,.564,.710,.540,.407,.413,.385,,.606,.828,,.056,374,,.273,1213,,.199,.395,,23,1
341,11,Houston Rockets,82,19755,.457,13.0,,.641,.259,.262,.070,.049,.359,,.530,.678,.436,.448,.366,.327,,.477,.766,,.084,523,,.324,1229,,.173,.361,,14,0
342,12,Indiana Pacers,82,19755,.469,13.9,,.587,.266,.189,.080,.045,.413,,.540,.679,.425,.414,.402,.367,,.547,.817,,.048,323,,.306,1246,,.224,.386,,17,2
343,13,Los Angeles Clippers*,82,19830,.477,14.5,,.613,.221,.190,.110,.092,.387,,.539,.692,.475,.450,.408,.381,,.467,.838,,.063,391,,.234,918,,.249,.406,,16,1
344,14,Los Angeles Lakers*,82,19880,.482,13.2,,.649,.261,.214,.095,.079,.351,,.555,.728,.460,.425,.397,.346,,.502,.849,,.065,429,,.305,1315,,.238,.369,,8,0
345,15,Memphis Grizzlies*,82,19780,.475,13.0,,.628,.273,.224,.099,.033,.372,,.548,.688,.446,.447,.386,.351,,.504,.837,,.058,387,,.286,1250,,.245,.376,,15,1
346,16,Miami Heat*,82,19805,.460,14.5,,.592,.196,.217,.120,.052,.408,,.540,.683,.480,.471,.411,.344,,.511,.802,,.046,285,,.226,903,,.260,.367,,8,0
347,17,Milwaukee Bucks*,82,19830,.473,15.3,,.554,.236,.156,.091,.071,.446,,.557,.724,.443,.429,.417,.368,,.489,.819,,.052,351,,.250,1103,,.230,.379,,11,0
348,18,Minnesota Timberwolves*,82,19830,.490,13.2,,.619,.285,.208,.075,.051,.381,,.568,.723,.439,.451,.399,.365,,.539,.790,,.067,436,,.297,1256,,.241,.395,,20,0
349,19,New Orleans Pelicans,82,19855,.480,12.9,,.656,.255,.230,.099,.065,.344,,.541,.698,.444,.484,.343,.364,,.510,.883,,.063,402,,.289,1166,,.227,.364,,18,0
350,20,New York Knicks*,82,19955,.470,13.6,,.600,.266,.196,.096,.043,.400,,.547,.679,.460,.424,.404,.354,,.428,.820,,.066,425,,.246,1021,,.272,.382,,9,0
351,Rk,Team,G,MP,FG%,Dist.,,2P,0-3,3-10,10-16,16-3P,3P,,2P,0-3,3-10,10-16,16-3P,3P,,2P,3P,,%FGA,Md.,,%FGA,Md.,,%3PA,3P%,,Att.,Md.
352,21,Oklahoma City Thunder,82,19855,.465,13.1,,.631,.276,.217,.096,.043,.369,,.530,.658,.413,.469,.424,.356,,.444,.879,,.047,320,,.325,1349,,.203,.400,,12,0
353,22,Orlando Magic,82,19780,.470,13.5,,.639,.249,.221,.094,.076,.361,,.539,.713,.440,.427,.398,.346,,.470,.858,,.064,395,,.297,1182,,.213,.415,,9,0
354,23,Philadelphia 76ers*,82,19880,.487,13.8,,.611,.251,.191,.109,.054,.389,,.551,.697,.429,.463,.472,.387,,.516,.806,,.044,262,,.274,1100,,.256,.402,,13,0
355,24,Phoenix Suns*,82,19780,.467,14.3,,.638,.194,.203,.159,.083,.362,,.520,.693,.442,.460,.424,.374,,.562,.856,,.047,306,,.205,847,,.291,.421,,13,0
356,25,Portland Trail Blazers,82,19730,.474,14.1,,.587,.288,.161,.069,.062,.413,,.550,.673,.434,.437,.414,.365,,.502,.774,,.058,357,,.276,1142,,.204,.362,,9,0
357,26,Sacramento Kings*,82,19830,.494,14.1,,.577,.243,.199,.080,.050,.423,,.586,.741,.488,.438,.450,.369,,.495,.875,,.059,380,,.261,1166,,.226,.397,,9,0
358,27,San Antonio Spurs,82,19855,.465,13.1,,.652,.258,.230,.112,.053,.348,,.529,.679,.442,.412,.425,.345,,.530,.924,,.040,265,,.303,1339,,.216,.367,,18,0
359,28,Toronto Raptors,82,19805,.459,13.4,,.649,.243,.220,.095,.084,.351,,.525,.694,.445,.406,.379,.335,,.474,.819,,.064,432,,.257,1082,,.264,.363,,22,0
360,29,Utah Jazz,82,19805,.473,14.2,,.579,.204,.266,.073,.036,.421,,.560,.708,.497,.438,.439,.353,,.500,.854,,.071,460,,.274,1144,,.220,.413,,16,0
361,30,Washington Wizards,82,19755,.485,14.0,,.635,.211,.244,.107,.073,.365,,.559,.760,.470,.460,.420,.356,,.508,.862,,.059,377,,.272,1118,,.215,.399,,16,2
362,,League Average,82,19826,.475,13.9,,.613,.245,.206,.096,.063,.387,,.548,.701,.454,.447,.414,.361,,.506,.825,,.060,386,,.269,1118,,.237,.387,,13.8,0.3
