advanced_age,advanced_wins,advanced_losses,advanced_pythagorean_wins,advanced_pythagorean_losses,advanced_margin_of_victory,advanced_strength_of_schedule,advanced_simple_rating_system,advanced_offensive_rating,advanced_defensive_rating,advanced_net_rating,advanced_pace,advanced_free_throw_rate,advanced_three_point_attempt_rate,advanced_true_shooting_pct,advanced_offensive_effective_fg_pct,advanced_offensive_turnover_pct,advanced_offensive_offensive_rebound_pct,advanced_offensive_ft_per_fga,advanced_defensive_effective_fg_pct,advanced_defensive_turnover_pct,advanced_defensive_defensive_rebound_pct,advanced_defensive_ft_per_fga,advanced_arena,advanced_attendance,advanced_attendance_per_game,season,team_abbr
26.0,60,22,64,18,9.21,-0.06,9.15,112.4,102.6,+9.8,93.3,.338,.244,.580,.527,14.4,26.7,.280,.469,13.5,73.4,.197,Chesapeake Energy Arena,"746,323","18,203",2013,OKC
30.3,66,16,62,20,7.87,-0.84,7.03,112.3,103.7,+8.6,90.7,.297,.285,.588,.552,13.7,22.2,.224,.487,14.8,73.0,.200,AmericanAirlines Arena,"819,290","19,983",2013,MIA
28.8,56,26,59,23,6.45,-0.02,6.43,110.6,103.6,+7.0,91.1,.286,.265,.557,.526,13.9,28.8,.203,.492,15.4,73.5,.229,STAPLES Center,"788,293","19,227",2013,LAC
28.6,58,24,58,24,6.40,0.27,6.67,108.3,101.6,+6.7,94.2,.258,.264,.568,.531,14.0,20.5,.204,.480,13.7,74.9,.179,AT&T Center,"755,700","18,432",2013,SAS
26.1,57,25,55,27,5.09,0.28,5.37,110.4,105.1,+5.3,95.1,.308,.217,.549,.515,13.6,31.4,.216,.493,14.3,71.8,.193,Pepsi Center,"730,616","17,820",2013,DEN
30.2,54,28,53,29,4.23,-0.50,3.73,111.1,106.3,+4.8,89.8,.258,.354,.550,.515,11.7,25.6,.196,.508,14.8,74.7,.216,Madison Square Garden (IV),"780,353","19,033",2013,NYK
27.0,56,26,54,28,4.15,0.18,4.32,104.9,100.3,+4.6,88.4,.261,.166,.514,.472,13.3,31.0,.202,.475,15.2,74.3,.209,FedEx Forum,"681,613","16,625",2013,MEM
25.7,49,32,52,29,4.02,-0.69,3.34,104.3,99.8,+4.5,90.2,.293,.245,.521,.479,14.3,30.3,.219,.453,12.9,74.6,.197,Bankers Life Fieldhouse,"626,069","15,270",2013,IND
24.4,45,37,50,32,3.48,0.22,3.69,109.7,106.1,+3.6,96.1,.308,.349,.564,.525,14.9,26.4,.232,.502,13.5,75.2,.196,Toyota Center,"683,564","16,672",2013,HOU
28.6,49,33,46,36,1.78,-0.53,1.25,108.2,106.2,+2.0,88.8,.299,.269,.536,.498,14.0,30.9,.219,.503,13.1,73.7,.174,Barclays Center,"704,702","17,188",2013,BKN
30.7,45,37,44,38,1.16,0.32,1.48,107.8,106.6,+1.2,94.4,.345,.303,.548,.512,13.9,27.0,.239,.496,11.9,74.3,.163,STAPLES Center,"778,877","18,997",2013,LAL
25.3,47,35,44,38,0.89,0.42,1.32,106.4,105.5,+0.9,94.5,.255,.239,.545,.506,14.0,25.4,.201,.486,12.4,75.5,.211,Oracle Arena,"794,320","19,374",2013,GSW
27.1,44,38,42,40,0.40,-0.48,-0.08,104.8,104.4,+0.4,92.6,.244,.286,.546,.517,14.2,22.2,.174,.496,14.2,73.6,.181,Philips Arena,"620,146","15,126",2013,ATL
28.0,45,37,42,40,0.32,-0.33,-0.02,103.5,103.2,+0.3,89.3,.259,.189,.512,.470,13.6,29.4,.201,.477,13.2,73.6,.206,United Center,"896,944","21,877",2013,CHI
26.3,43,39,41,41,-0.09,0.38,0.30,106.7,106.8,-0.1,90.9,.281,.206,.533,.492,13.8,28.8,.214,.501,14.0,73.2,.226,EnergySolutions Arena,"763,915","18,632",2013,UTA
29.1,41,40,40,41,-0.22,-0.40,-0.62,103.1,103.3,-0.2,91.7,.263,.215,.542,.503,14.1,20.1,.204,.482,14.2,73.3,.216,TD Garden,"744,960","18,624",2013,BOS
29.5,41,41,39,43,-0.60,0.36,-0.24,105.9,106.5,-0.6,94.1,.242,.236,.544,.506,13.0,21.8,.192,.492,13.3,73.1,.227,American Airlines Center,"821,490","20,036",2013,DAL
26.4,38,44,37,45,-1.50,-0.33,-1.83,103.6,105.2,-1.6,94.7,.236,.232,.510,.476,12.7,27.9,.174,.492,14.4,71.3,.201,BMO Harris Bradley Center,"616,469","15,036",2013,MIL
25.4,34,48,37,45,-1.48,-0.48,-1.96,105.9,107.5,-1.6,90.4,.274,.249,.532,.488,13.0,25.5,.216,.500,13.6,73.4,.247,Air Canada Centre,"743,936","18,145",2013,TOR
26.4,31,51,34,48,-2.37,0.54,-1.83,102.9,105.4,-2.5,92.8,.305,.220,.516,.473,13.8,27.4,.226,.511,15.0,74.0,.187,Target Center,"669,956","16,340",2013,MIN
25.4,29,53,33,49,-2.54,-0.25,-2.78,100.2,103.0,-2.8,92.2,.261,.223,.512,.475,14.2,24.6,.191,.483,13.7,74.6,.206,Verizon Center,"670,070","16,343",2013,WAS
24.4,33,49,32,50,-3.17,0.65,-2.53,105.8,109.2,-3.4,91.4,.250,.284,.536,.498,13.9,25.3,.194,.512,12.5,73.3,.189,Rose Garden Arena,"813,012","19,830",2013,POR
25.2,34,48,31,51,-3.34,-0.17,-3.51,102.0,105.7,-3.7,91.0,.200,.209,.509,.481,12.5,24.9,.146,.495,13.7,73.4,.200,Wells Fargo Center,"685,412","16,717",2013,PHI
25.3,29,53,29,53,-3.99,-0.34,-4.33,103.8,108.1,-4.3,90.8,.282,.217,.521,.487,14.3,28.3,.197,.505,13.1,73.0,.209,The Palace of Auburn Hills,"606,094","14,685",2013,DET
24.0,27,55,30,52,-3.87,0.75,-3.12,105.7,110.1,-4.4,88.5,.248,.224,.528,.489,14.0,29.2,.193,.520,13.1,74.4,.208,New Orleans Arena,"565,930","13,803",2013,NOH
24.1,24,58,28,54,-4.68,-0.19,-4.87,104.3,109.4,-5.1,92.3,.265,.229,.514,.473,13.0,28.1,.200,.523,14.4,72.6,.225,Quicken Loans Arena,"663,882","16,192",2013,CLE
25.6,28,54,28,54,-4.88,0.62,-4.26,106.2,111.4,-5.2,93.6,.271,.243,.532,.491,13.4,26.6,.208,.517,13.6,71.0,.227,Sleep Train Arena,"563,743","13,750",2013,SAC
26.9,25,57,23,59,-6.46,0.71,-5.75,101.2,108.1,-6.9,93.4,.234,.210,.512,.477,14.3,27.0,.174,.512,14.2,71.9,.208,US Airways Center,"632,913","15,437",2013,PHX
24.6,20,62,22,60,-6.99,-0.14,-7.12,101.6,109.1,-7.5,92.2,.197,.223,.514,.485,13.7,25.4,.149,.508,11.8,74.6,.195,Amway Center,"722,716","17,627",2013,ORL
24.4,21,61,17,65,-9.23,-0.06,-9.29,101.5,111.5,-10.0,91.5,.310,.210,.507,.460,13.2,25.7,.233,.524,13.2,71.1,.197,Time Warner Cable Arena,"628,293","15,324",2013,CHA
28.9,62,20,61,21,7.72,0.28,8.00,110.5,102.4,+8.1,95.0,.240,.257,.571,.537,13.5,22.7,.188,.482,12.8,76.4,.184,AT&T Center,"755,031","18,415",2014,SAS
28.1,57,25,59,23,6.98,0.30,7.27,112.1,104.8,+7.3,95.9,.353,.291,.567,.526,12.7,25.0,.258,.484,13.8,72.5,.222,STAPLES Center,"787,692","19,212",2014,LAC
26.2,59,23,58,24,6.34,0.32,6.66,110.5,103.9,+6.6,95.4,.303,.271,.566,.520,14.0,26.5,.244,.488,13.9,75.6,.221,Chesapeake Energy Arena,"746,323","18,203",2014,OKC
30.6,54,28,54,28,4.76,-0.61,4.15,110.9,105.8,+5.1,91.2,.300,.292,.590,.554,14.6,20.6,.228,.511,15.8,73.0,.212,AmericanAirlines Arena,"811,036","19,781",2014,MIA
26.3,51,31,54,28,4.80,0.34,5.15,107.5,102.6,+4.9,96.2,.247,.291,.550,.517,13.8,25.1,.186,.477,13.6,76.3,.224,Oracle Arena,"803,436","19,596",2014,GSW
27.2,56,26,54,28,4.40,-0.77,3.63,104.1,99.3,+4.8,92.5,.290,.235,.535,.490,14.3,24.9,.226,.460,12.9,76.8,.197,Bankers Life Fieldhouse,"717,542","17,501",2014,IND
25.4,54,28,53,29,4.56,0.50,5.06,111.0,106.3,+4.7,96.3,.386,.330,.571,.531,14.6,27.4,.275,.489,12.5,74.1,.193,Toyota Center,"743,082","18,124",2014,HOU
25.8,54,28,52,30,3.99,0.45,4.44,111.5,107.4,+4.1,94.9,.270,.290,.548,.504,12.4,28.0,.220,.488,10.9,74.7,.194,Moda Center,"809,612","19,747",2014,POR
25.6,48,34,50,32,3.24,-0.69,2.55,108.8,105.3,+3.5,91.8,.306,.285,.545,.498,13.2,27.2,.239,.493,14.1,74.9,.237,Air Canada Centre,"748,339","18,252",2014,TOR
26.2,48,34,48,34,2.63,0.39,3.02,109.5,106.7,+2.8,95.8,.293,.300,.558,.519,14.0,26.4,.222,.496,13.9,73.7,.237,US Airways Center,"650,739","15,872",2014,PHX
26.3,40,42,48,34,2.67,0.43,3.10,108.9,106.2,+2.7,97.3,.321,.245,.535,.486,12.2,27.4,.249,.518,14.8,74.4,.177,Target Center,"597,157","14,565",2014,MIN
30.6,49,33,48,34,2.40,0.50,2.91,111.2,108.7,+2.5,93.5,.253,.274,.564,.526,12.7,24.6,.201,.515,14.8,72.7,.229,American Airlines Center,"817,982","19,951",2014,DAL
28.6,48,34,47,35,1.85,-0.66,1.20,102.5,100.5,+2.0,90.2,.290,.222,.518,.471,14.2,27.2,.226,.471,13.7,75.4,.189,United Center,"890,370","21,716",2014,CHI
28.5,50,32,46,36,1.57,0.61,2.18,106.3,104.6,+1.7,89.9,.248,.171,.529,.494,13.1,28.3,.184,.497,13.8,75.7,.199,FedEx Forum,"685,458","16,718",2014,MEM
26.3,44,38,45,37,1.27,-0.79,0.48,106.0,104.6,+1.4,93.2,.248,.246,.538,.506,13.6,25.2,.181,.504,15.0,75.7,.220,Verizon Center,"698,068","17,026",2014,WAS
25.5,43,39,40,42,-0.22,-0.67,-0.89,103.6,103.8,-0.2,92.4,.297,.219,.522,.481,11.7,21.9,.219,.491,12.6,77.6,.183,Time Warner Cable Arena,"636,268","15,519",2014,CHA
27.5,38,44,40,42,-0.48,-0.40,-0.88,105.9,106.4,-0.5,94.6,.266,.316,.554,.515,14.3,21.0,.208,.510,14.0,74.4,.196,Philips Arena,"587,927","14,231",2014,ATL
28.3,37,45,39,43,-0.79,-0.61,-1.40,108.3,109.1,-0.8,90.3,.248,.302,.541,.505,12.5,25.1,.189,.514,14.0,74.3,.245,Madison Square Garden (IV),"812,292","19,812",2014,NYK
30.0,44,38,38,44,-1.00,-0.58,-1.58,106.7,107.7,-1.0,91.4,.313,.301,.555,.514,14.1,21.7,.236,.509,14.9,72.3,.236,Barclays Center,"707,331","17,252",2014,BKN
26.0,36,46,35,47,-2.15,0.75,-1.40,106.0,108.2,-2.2,98.1,.306,.278,.536,.497,14.0,27.5,.222,.500,12.8,74.5,.233,Pepsi Center,"692,898","16,900",2014,DEN
24.3,34,48,33,49,-2.71,0.73,-1.98,107.2,110.1,-2.9,92.2,.286,.193,.537,.495,12.9,26.9,.220,.515,13.6,73.8,.249,Smoothie King Center,"672,029","16,391",2014,
24.9,28,54,33,49,-2.90,0.82,-2.08,105.7,108.8,-3.1,94.4,.331,.218,.532,.484,13.9,27.8,.251,.512,12.7,76.6,.234,Sleep Train Arena,"667,949","16,291",2014,SAC
24.9,33,49,32,50,-3.29,-0.57,-3.86,104.2,107.7,-3.5,93.1,.268,.236,.518,.479,13.0,27.2,.201,.508,13.0,75.8,.199,Quicken Loans Arena,"710,522","17,330",2014,CLE
24.7,29,53,31,51,-3.66,-0.48,-4.13,105.9,109.7,-3.8,94.9,.296,.222,.514,.482,12.9,31.4,.199,.520,13.8,73.4,.218,The Palace of Auburn Hills,"616,005","15,025",2014,DET
25.4,25,57,28,54,-4.46,-0.51,-4.97,102.9,107.7,-4.8,93.3,.248,.251,.517,.477,14.2,27.4,.193,.505,13.4,74.2,.227,TD Garden,"742,400","18,107",2014,BOS
24.6,23,59,26,56,-5.44,-0.44,-5.88,101.7,107.4,-5.7,93.6,.253,.235,.525,.487,13.9,22.4,.193,.504,13.0,75.5,.211,Amway Center,"666,046","16,245",2014,ORL
26.8,27,55,25,57,-6.29,0.96,-5.33,104.2,110.6,-6.4,98.7,.263,.291,.542,.505,13.7,20.2,.199,.513,12.4,71.0,.192,STAPLES Center,"771,974","18,829",2014,LAL
24.5,25,57,22,60,-7.17,0.91,-6.27,103.5,111.3,-7.8,91.4,.271,.237,.523,.484,13.9,25.5,.202,.518,12.1,74.5,.227,EnergySolutions Arena,"745,203","18,176",2014,UTA
24.7,15,67,20,62,-8.18,-0.23,-8.41,103.0,111.8,-8.8,91.8,.274,.231,.519,.479,14.1,27.1,.204,.520,13.2,71.4,.225,BMO Harris Bradley Center,"552,067","13,465",2014,MIL
23.4,19,63,16,66,-10.45,-0.21,-10.66,99.4,109.9,-10.5,99.2,.268,.258,.510,.475,14.8,24.8,.190,.524,14.9,72.4,.244,Wells Fargo Center,"568,632","13,869",2014,PHI
26.6,67,15,65,17,10.10,-0.09,10.01,111.6,101.4,+10.2,98.3,.239,.311,.571,.540,13.1,24.1,.184,.470,14.3,74.5,.217,Oracle Arena,"803,436","19,596",2015,GSW
28.8,56,26,58,24,6.59,0.22,6.80,112.4,105.5,+6.9,94.7,.303,.322,.565,.533,11.6,22.8,.215,.493,13.2,75.7,.231,STAPLES Center,"785,892","19,168",2015,LAC
29.8,55,27,58,24,6.20,0.14,6.34,108.5,102.0,+6.5,93.8,.256,.269,.555,.517,13.1,23.4,.200,.484,13.3,77.3,.190,AT&T Center,"762,855","18,606",2015,SAS
27.8,60,22,56,26,5.43,-0.68,4.75,108.9,103.1,+5.8,93.9,.259,.321,.563,.527,13.5,21.4,.201,.492,14.9,73.4,.185,Philips Arena,"713,909","17,412",2015,ATL
26.9,53,29,53,29,4.48,-0.40,4.08,111.1,106.3,+4.8,92.3,.287,.334,.557,.520,13.4,26.8,.216,.502,12.6,74.7,.177,Quicken Loans Arena,"843,042","20,562",2015,CLE
27.0,51,31,53,29,4.23,0.18,4.41,108.2,103.7,+4.5,94.2,.225,.316,.544,.508,12.6,24.2,.180,.476,11.3,76.2,.182,Moda Center,"798,368","19,472",2015,POR
27.6,56,26,50,32,3.44,0.38,3.82,107.0,103.4,+3.6,96.5,.312,.392,.548,.512,15.0,26.8,.223,.486,14.6,72.9,.208,Toyota Center,"747,412","18,230",2015,HOU
29.6,55,27,50,32,3.24,0.38,3.62,105.7,102.2,+3.5,92.0,.276,.184,.531,.489,12.6,24.7,.214,.492,14.5,75.3,.183,FedEx Forum,"710,502","17,329",2015,MEM
26.1,49,33,49,33,3.07,-0.62,2.45,111.0,107.7,+3.3,92.8,.295,.302,.553,.508,12.0,25.6,.232,.506,13.4,73.3,.208,Air Canada Centre,"809,824","19,752",2015,TOR
28.8,50,32,50,32,3.00,-0.46,2.54,107.5,104.3,+3.2,92.8,.304,.269,.536,.489,12.9,27.0,.238,.473,11.3,74.4,.182,United Center,"886,612","21,625",2015,CHI
29.9,50,32,49,33,2.90,0.46,3.36,109.5,106.4,+3.1,95.2,.262,.296,.550,.515,11.9,23.6,.197,.503,14.7,72.2,.204,American Airlines Center,"827,702","20,188",2015,DAL
25.4,45,37,47,35,2.18,0.28,2.47,107.8,105.5,+2.3,95.7,.284,.262,.532,.492,13.1,28.9,.214,.489,12.4,75.6,.213,Chesapeake Energy Arena,"746,323","18,203",2015,OKC
25.3,45,37,43,39,0.79,0.34,1.13,108.2,107.3,+0.9,91.4,.263,.233,.537,.501,12.5,27.1,.198,.496,11.7,75.1,.195,Smoothie King Center,"683,757","16,677",2015,
28.6,46,36,43,39,0.72,-0.55,0.17,103.7,103.0,+0.7,93.7,.259,.203,.534,.499,14.0,24.9,.192,.481,12.9,77.3,.210,Verizon Center,"747,796","18,239",2015,WAS
24.6,41,41,42,40,0.43,-0.52,-0.09,102.7,102.2,+0.5,94.1,.258,.223,.536,.499,15.5,25.4,.195,.487,15.9,73.3,.221,BMO Harris Bradley Center,"593,910","14,813",2015,MIL
28.3,38,44,42,40,0.28,-0.51,-0.23,103.5,103.2,+0.3,93.2,.266,.255,.523,.484,13.1,24.0,.201,.478,12.0,77.9,.217,Bankers Life Fieldhouse,"691,434","16,864",2015,IND
23.4,38,44,42,40,0.22,0.49,0.71,105.1,104.9,+0.2,90.4,.297,.274,.531,.494,14.6,29.1,.214,.491,12.8,76.3,.199,EnergySolutions Arena,"772,059","18,831",2015,UTA
25.0,40,42,41,41,0.16,-0.56,-0.40,104.7,104.5,+0.2,95.8,.233,.280,.523,.489,12.5,24.7,.176,.494,13.7,75.0,.208,TD Garden,"721,350","17,594",2015,BOS
25.7,39,43,38,44,-0.90,0.52,-0.38,105.3,106.2,-0.9,96.3,.251,.291,.537,.501,13.7,24.5,.191,.497,14.0,73.5,.221,US Airways Center,"693,862","16,923",2015,PHX
25.9,32,50,38,44,-1.00,-0.39,-1.39,105.3,106.4,-1.1,92.8,.261,.290,.515,.482,12.3,27.7,.184,.502,13.2,75.0,.192,The Palace of Auburn Hills,"625,917","15,266",2015,DET
28.5,37,45,33,49,-2.60,-0.32,-2.92,103.9,106.7,-2.8,90.9,.306,.262,.540,.500,14.5,23.2,.227,.505,14.2,73.4,.213,AmericanAirlines Arena,"808,223","19,713",2015,MIA
28.6,38,44,33,49,-2.88,-0.25,-3.13,104.4,107.4,-3.0,92.7,.267,.240,.529,.491,13.0,23.9,.200,.506,12.9,73.7,.185,Barclays Center,"698,529","17,037",2015,BKN
26.0,33,49,32,50,-3.17,-0.27,-3.44,100.1,103.5,-3.4,93.0,.269,.226,.498,.456,11.2,22.1,.202,.487,12.0,79.3,.188,Time Warner Cable Arena,"704,886","17,192",2015,
26.4,30,52,31,51,-3.55,0.48,-3.07,104.5,108.2,-3.7,96.1,.278,.284,.518,.479,12.7,26.6,.204,.504,13.0,74.7,.239,Pepsi Center,"602,707","14,700",2015,DEN
26.0,29,53,31,51,-3.71,0.64,-3.07,105.3,109.2,-3.9,95.4,.363,.204,.542,.490,14.8,26.5,.276,.507,11.8,75.2,.200,Sleep Train Arena,"680,049","16,587",2015,SAC
24.3,25,57,25,57,-5.72,-0.15,-5.87,101.6,107.7,-6.1,93.8,.230,.235,.524,.494,14.0,23.1,.168,.514,13.6,76.0,.210,Amway Center,"688,194","16,785",2015,ORL
27.0,21,61,23,59,-6.84,0.67,-6.17,103.4,110.6,-7.2,94.0,.276,.220,.513,.473,12.1,25.4,.204,.518,12.1,76.3,.231,STAPLES Center,"768,244","18,738",2015,LAL
24.4,16,66,19,63,-8.79,0.79,-8.00,102.9,112.2,-9.3,94.4,.309,.179,.517,.468,13.7,26.6,.240,.537,13.9,71.6,.187,Target Center,"595,652","14,416",2015,MIN
23.2,18,64,18,64,-8.98,-0.07,-9.04,95.5,104.8,-9.3,95.7,.288,.319,.494,.459,16.0,25.5,.195,.497,15.2,73.0,.225,Wells Fargo Center,"571,572","13,941",2015,PHI
26.9,17,65,17,65,-9.32,-0.18,-9.50,99.9,110.0,-10.1,91.2,.234,.240,.508,.470,14.0,24.5,.180,.512,13.3,73.1,.234,Madison Square Garden (IV),"812,292","19,812",2015,NYK
30.3,67,15,67,15,10.63,-0.36,10.28,110.3,99.0,+11.3,93.8,.246,.223,.564,.526,12.4,23.0,.197,.477,14.1,79.1,.182,AT&T Center,"756,445","18,450",2016,SAS
27.4,73,9,65,17,10.76,-0.38,10.38,114.5,103.8,+10.7,99.3,.250,.362,.593,.563,13.5,23.5,.191,.479,12.6,76.0,.208,Oracle Arena,"803,436","19,596",2016,GSW
25.8,55,27,59,23,7.28,-0.19,7.09,113.1,105.6,+7.5,96.7,.292,.275,.565,.524,14.0,31.1,.228,.484,11.7,76.0,.205,Chesapeake Energy Arena,"746,323","18,203",2016,OKC
28.1,57,25,57,25,6.00,-0.55,5.45,110.9,104.5,+6.4,93.3,.259,.352,.558,.524,12.7,25.1,.194,.496,12.6,78.5,.205,Quicken Loans Arena,"843,042","20,562",2016,CLE
26.3,56,26,53,29,4.50,-0.42,4.08,110.0,105.2,+4.8,92.9,.328,.287,.552,.504,12.3,24.6,.255,.498,12.7,77.7,.201,Air Canada Centre,"812,863","19,826",2016,TOR
29.7,53,29,53,29,4.28,-0.15,4.13,108.3,103.8,+4.5,95.8,.318,.324,.556,.524,12.1,20.1,.220,.480,13.8,73.8,.222,STAPLES Center,"786,910","19,193",2016,LAC
28.2,48,34,51,31,3.61,-0.12,3.49,105.1,101.4,+3.7,97.1,.237,.336,.552,.516,13.8,19.1,.185,.480,14.4,74.6,.194,Philips Arena,"690,150","16,833",2016,ATL
25.2,48,34,50,32,3.21,-0.37,2.84,106.8,103.6,+3.2,98.5,.264,.293,.531,.488,12.1,25.1,.208,.487,14.6,74.6,.231,TD Garden,"749,076","18,270",2016,BOS
26.0,48,34,49,33,2.72,-0.36,2.36,107.2,104.3,+2.9,95.6,.280,.348,.545,.502,11.7,20.0,.222,.496,12.5,79.8,.191,Time Warner Cable Arena,"716,894","17,485",2016,
24.2,40,42,46,36,1.79,0.05,1.84,105.9,103.9,+2.0,91.0,.286,.297,.540,.501,14.2,25.9,.213,.495,13.5,77.7,.210,Vivint Smart Home Arena,"791,489","19,305",2016,UTA
28.4,48,34,46,36,1.65,-0.14,1.50,106.1,104.4,+1.7,93.6,.282,.221,.545,.508,13.3,23.8,.210,.485,12.1,77.8,.196,AmericanAirlines Arena,"809,350","19,740",2016,MIA
26.9,45,37,46,36,1.71,-0.09,1.62,104.6,102.9,+1.7,96.6,.268,.270,.536,.497,13.5,23.4,.205,.489,14.3,76.0,.205,Bankers Life Fieldhouse,"690,733","16,847",2016,IND
24.3,44,38,43,39,0.83,0.15,0.98,108.8,108.0,+0.8,96.0,.268,.332,.548,.511,13.2,25.9,.202,.503,12.1,76.2,.225,Moda Center,"794,085","19,368",2016,POR
25.0,44,38,43,39,0.61,-0.18,0.43,106.1,105.5,+0.6,95.1,.296,.303,.522,.491,12.2,27.0,.197,.504,12.5,79.3,.196,The Palace of Auburn Hills,"677,138","16,516",2016,DET
27.8,41,41,42,40,0.20,0.14,0.34,108.3,108.1,+0.2,97.6,.352,.370,.553,.516,14.2,25.7,.244,.516,14.8,72.8,.219,Toyota Center,"737,244","17,982",2016,HOU
30.3,42,40,40,42,-0.30,0.29,-0.02,106.7,107.0,-0.3,94.3,.265,.339,.544,.502,12.0,20.6,.211,.504,12.8,76.2,.198,American Airlines Center,"825,901","20,144",2016,DAL
27.3,41,41,40,42,-0.50,0.00,-0.50,105.3,105.8,-0.5,98.5,.263,.282,.544,.511,13.1,20.6,.192,.515,14.6,77.7,.218,Verizon Center,"725,426","17,693",2016,WAS
27.6,42,40,37,45,-1.48,0.01,-1.46,105.0,106.5,-1.5,95.7,.240,.244,.526,.487,12.6,24.5,.189,.485,10.7,74.9,.182,United Center,"894,659","21,821",2016,CHI
23.9,35,47,36,46,-1.62,-0.06,-1.68,105.1,106.8,-1.7,96.0,.232,.255,.533,.500,12.8,23.1,.175,.513,13.8,76.5,.215,Amway Center,"719,275","17,515",2016,ORL
26.6,33,49,34,48,-2.48,0.16,-2.32,106.0,108.4,-2.4,100.0,.295,.260,.546,.510,14.2,23.9,.214,.521,14.0,74.9,.202,Sleep Train Arena,"707,526","17,222",2016,SAC
30.5,42,40,35,47,-2.24,0.11,-2.14,105.4,107.8,-2.4,93.3,.295,.222,.524,.477,12.3,25.3,.231,.518,15.2,75.1,.251,FedEx Forum,"701,894","17,119",2016,MEM
27.2,32,50,33,49,-2.73,0.00,-2.74,104.6,107.6,-3.0,93.4,.255,.256,.527,.483,12.6,23.7,.205,.487,10.5,75.8,.204,Madison Square Garden (IV),"812,292","19,812",2016,NYK
24.7,33,49,33,49,-3.10,0.29,-2.81,105.6,108.9,-3.3,95.7,.282,.277,.531,.489,13.2,25.8,.216,.515,12.6,77.3,.216,Pepsi Center,"577,898","14,095",2016,DEN
24.6,29,53,31,51,-3.54,0.15,-3.38,106.5,110.1,-3.6,95.2,.332,.202,.549,.498,13.9,24.3,.263,.524,13.6,74.7,.200,Target Center,"581,178","14,175",2016,MIN
26.6,30,52,31,51,-3.79,0.24,-3.56,105.6,109.5,-3.9,96.8,.259,.277,.537,.498,12.3,21.2,.201,.523,12.7,78.8,.225,Smoothie King Center,"688,549","16,794",2016,
23.5,33,49,29,53,-4.18,0.20,-3.98,104.3,108.7,-4.4,94.2,.276,.189,.537,.499,14.2,24.9,.207,.510,14.2,73.1,.221,BMO Harris Bradley Center,"621,808","15,166",2016,MIL
26.0,23,59,24,58,-6.66,0.34,-6.32,102.2,109.0,-6.8,98.5,.271,.302,.526,.487,15.2,25.4,.204,.523,13.5,77.1,.237,Talking Stick Resort Arena,"701,405","17,107",2016,PHX
26.9,21,61,22,60,-7.35,0.24,-7.12,103.2,110.9,-7.7,95.2,.246,.218,.527,.492,13.6,24.1,.186,.534,13.1,75.7,.176,Barclays Center,"620,142","15,125",2016,BKN
26.5,17,65,17,65,-9.56,0.64,-8.92,101.6,111.6,-10.0,95.6,.292,.290,.509,.460,12.5,23.1,.228,.523,11.6,74.7,.202,STAPLES Center,"778,877","18,997",2016,LAL
23.3,10,72,16,66,-10.23,0.31,-9.92,98.8,109.2,-10.4,97.9,.269,.327,.519,.487,14.8,20.6,.186,.510,13.5,74.0,.240,Wells Fargo Center,"614,650","14,991",2016,PHI
28.2,67,15,67,15,11.63,-0.28,11.35,115.6,104.0,+11.6,99.8,.259,.359,.597,.563,13.2,22.8,.204,.486,13.5,74.9,.198,Oracle Arena,"803,436","19,596",2017,GSW
29.6,61,21,60,22,7.20,-0.06,7.13,111.1,103.5,+7.6,94.2,.263,.281,.564,.524,12.6,24.0,.210,.492,13.5,77.6,.192,AT&T Center,"755,347","18,423",2017,SAS
27.4,55,27,55,27,5.77,0.08,5.84,114.7,109.0,+5.7,100.0,.304,.462,.583,.545,13.3,24.6,.233,.519,13.2,75.8,.194,Toyota Center,"695,903","16,973",2017,HOU
26.1,51,31,52,30,4.21,-0.56,3.65,112.3,107.8,+4.5,94.7,.293,.289,.561,.517,11.8,25.0,.233,.507,13.5,76.3,.223,Air Canada Centre,"813,050","19,830",2017,TOR
30.0,51,31,52,30,4.29,0.13,4.42,112.7,108.2,+4.5,96.1,.312,.329,.574,.537,12.0,21.5,.233,.506,12.1,76.9,.211,STAPLES Center,"782,609","19,088",2017,LAC
26.8,51,31,52,30,3.94,0.06,4.00,109.6,105.3,+4.3,91.6,.288,.327,.563,.526,13.2,23.2,.215,.493,11.8,78.9,.195,Vivint Smart Home Arena,"806,142","19,662",2017,UTA
29.2,51,31,49,33,3.18,-0.31,2.87,113.6,110.3,+3.3,96.2,.275,.399,.580,.547,12.6,21.9,.206,.516,11.4,75.8,.174,Quicken Loans Arena,"843,042","20,562",2017,CLE
25.9,53,29,48,34,2.63,-0.39,2.25,111.2,108.4,+2.8,96.8,.273,.393,.567,.525,12.2,21.2,.220,.503,12.6,75.3,.223,TD Garden,"760,690","18,553",2017,BOS
26.0,49,33,46,36,1.80,-0.45,1.36,111.2,109.3,+1.9,97.4,.254,.284,.564,.528,12.8,24.1,.199,.524,13.8,75.5,.213,Verizon Center,"697,107","17,003",2017,WAS
26.5,41,41,44,38,1.06,-0.29,0.77,107.8,106.7,+1.1,95.2,.251,.314,.541,.512,12.4,24.2,.177,.496,12.6,76.4,.220,AmericanAirlines Arena,"805,400","19,644",2017,MIA
24.7,47,35,43,39,0.76,0.39,1.14,108.3,107.5,+0.8,97.8,.295,.295,.540,.500,13.2,27.9,.220,.511,12.5,79.0,.218,Chesapeake Energy Arena,"746,323","18,203",2017,OKC
29.5,43,39,42,40,0.49,0.47,0.96,107.7,107.1,+0.6,92.3,.280,.316,.535,.491,12.1,24.8,.219,.506,13.6,77.5,.256,FedEx Forum,"677,314","16,520",2017,MEM
25.2,40,42,42,40,0.51,0.19,0.70,113.2,112.7,+0.5,98.3,.276,.329,.568,.530,13.2,27.3,.214,.532,10.9,78.7,.194,Pepsi Center,"605,585","14,672",2017,DEN
26.9,41,41,42,40,0.43,-0.39,0.03,107.4,107.0,+0.4,95.3,.259,.256,.530,.487,12.3,27.0,.206,.507,12.4,76.8,.169,United Center,"888,882","21,680",2017,CHI
26.5,36,46,42,40,0.20,-0.26,-0.07,108.8,108.6,+0.2,95.7,.279,.335,.547,.501,10.7,19.9,.227,.523,12.1,79.6,.164,Spectrum Center,"710,643","17,333",2017,
27.0,42,40,40,42,-0.22,-0.42,-0.64,108.6,108.8,-0.2,95.9,.261,.272,.558,.516,12.8,21.2,.212,.512,13.6,75.5,.225,Bankers Life Fieldhouse,"684,578","16,697",2017,IND
25.6,42,40,40,42,-0.18,-0.26,-0.45,109.1,109.3,-0.2,94.5,.274,.290,.565,.527,13.2,21.5,.210,.518,13.6,75.4,.215,BMO Harris Bradley Center,"648,952","15,828",2017,MIL
24.8,41,41,40,42,-0.52,0.30,-0.23,110.3,110.8,-0.5,96.7,.275,.322,.559,.520,12.5,23.0,.214,.508,11.6,76.8,.241,Moda Center,"792,029","19,318",2017,POR
27.9,43,39,39,43,-0.85,-0.38,-1.23,104.9,105.7,-0.8,97.4,.295,.309,.541,.504,14.2,23.6,.215,.507,13.8,76.1,.179,Philips Arena,"654,306","15,959",2017,ATL
25.4,37,45,38,44,-1.12,-0.17,-1.29,106.0,107.1,-1.1,95.0,.218,.263,.521,.492,10.9,24.1,.157,.516,12.1,81.2,.197,The Palace of Auburn Hills,"655,141","15,979",2017,DET
24.0,31,51,38,44,-1.11,0.47,-0.64,110.8,112.0,-1.2,94.6,.287,.249,.555,.511,12.9,27.2,.229,.535,13.2,75.9,.212,Target Center,"607,203","14,810",2017,MIN
25.7,34,48,35,47,-2.10,0.41,-1.69,105.2,107.4,-2.2,98.0,.256,.308,.539,.504,11.7,18.5,.192,.509,12.4,76.8,.177,Smoothie King Center,"663,099","16,173",2017,
27.6,33,49,33,49,-2.93,0.40,-2.53,105.6,108.8,-3.2,92.2,.225,.366,.541,.505,11.6,18.1,.180,.529,14.4,77.6,.218,American Airlines Center,"811,366","19,789",2017,DAL
27.3,31,51,31,51,-3.67,-0.20,-3.87,107.7,111.5,-3.8,96.0,.239,.279,.534,.496,12.4,26.6,.188,.511,11.7,74.1,.214,Madison Square Garden (IV),"810,741","19,774",2017,NYK
27.9,32,50,31,51,-3.88,0.58,-3.29,107.3,111.3,-4.0,94.9,.284,.291,.556,.516,13.7,21.0,.220,.528,12.9,76.3,.227,Golden 1 Center,"721,928","17,608",2017,SAC
25.0,24,58,27,55,-5.63,0.49,-5.14,106.6,112.2,-5.6,100.3,.297,.255,.538,.493,13.4,26.0,.231,.525,13.1,76.4,.264,Talking Stick Resort Arena,"708,639","17,134",2017,PHX
24.6,28,54,26,56,-5.70,-0.14,-5.83,103.2,108.9,-5.7,98.5,.258,.349,.539,.501,14.9,22.4,.199,.512,13.5,75.3,.234,Wells Fargo Center,"710,557","17,331",2017,PHI
26.0,20,62,24,58,-6.73,-0.01,-6.74,104.1,110.7,-6.6,101.3,.289,.371,.551,.507,14.7,19.6,.228,.513,11.6,76.1,.212,Barclays Center,"632,608","15,429",2017,BKN
25.3,29,53,24,58,-6.57,-0.04,-6.61,103.7,110.5,-6.8,96.8,.246,.300,.524,.489,12.1,21.6,.184,.523,11.9,77.4,.201,Amway Center,"727,875","17,753",2017,ORL
25.1,26,56,24,58,-6.88,0.58,-6.29,106.0,113.0,-7.0,98.5,.259,.295,.537,.501,13.5,25.0,.195,.542,13.0,75.8,.213,STAPLES Center,"776,917","18,949",2017,LAL
29.8,65,17,61,21,8.48,-0.27,8.21,114.7,106.1,+8.6,97.6,.298,.502,.590,.551,12.7,21.3,.233,.521,13.4,79.9,.171,Toyota Center,"732,722","17,871",2018,HOU
25.8,59,23,60,22,7.78,-0.49,7.29,113.8,105.9,+7.9,97.4,.250,.377,.575,.539,12.1,23.0,.198,.501,13.0,77.7,.212,Air Canada Centre,"813,431","19,840",2018,TOR
28.8,58,24,56,26,5.98,-0.19,5.79,113.6,107.7,+5.9,99.6,.239,.339,.603,.569,14.1,21.0,.195,.504,12.6,76.3,.186,Oracle Arena,"803,436","19,596",2018,GSW
26.7,48,34,53,29,4.30,0.17,4.47,108.4,103.9,+4.5,95.7,.260,.357,.564,.527,13.7,21.5,.202,.506,14.0,79.8,.190,Vivint Smart Home Arena,"734,806","17,922",2018,UTA
25.8,52,30,53,29,4.50,-0.20,4.30,109.5,105.0,+4.5,99.8,.263,.344,.568,.535,14.6,25.3,.198,.492,12.6,78.6,.218,Wells Fargo Center,"833,503","20,361",2018,PHI
24.7,55,27,51,31,3.59,-0.35,3.23,107.6,103.9,+3.7,96.0,.243,.357,.552,.518,13.0,21.5,.188,.495,13.0,78.4,.191,TD Garden,"763,584","18,624",2018,BOS
27.3,48,34,50,32,3.41,0.00,3.42,110.7,107.2,+3.5,96.7,.275,.345,.546,.514,12.4,27.7,.197,.525,14.7,77.4,.193,Chesapeake Energy Arena,"746,322","18,203",2018,OKC
29.3,47,35,49,33,2.89,0.00,2.89,107.9,104.8,+3.1,95.0,.245,.282,.543,.507,12.2,23.7,.189,.507,13.2,78.6,.170,AT&T Center,"754,562","18,404",2018,SAS
25.6,49,33,48,34,2.60,0.00,2.60,109.1,106.4,+2.7,96.5,.240,.324,.549,.511,12.3,23.3,.192,.503,11.7,79.1,.193,Moda Center,"795,750","19,409",2018,POR
27.1,47,35,47,35,2.23,0.12,2.35,113.4,111.1,+2.3,96.0,.280,.261,.566,.523,11.4,24.4,.225,.539,13.9,76.4,.189,Target Center,"699,308","17,056",2018,MIN
25.1,46,36,45,37,1.48,0.09,1.57,112.5,111.0,+1.5,96.8,.258,.357,.570,.536,13.4,25.7,.198,.539,12.6,77.5,.173,Pepsi Center,"702,796","17,141",2018,DEN
26.2,48,34,45,37,1.38,-0.20,1.18,109.5,108.1,+1.4,96.0,.222,.284,.557,.525,12.3,22.7,.173,.527,14.2,76.2,.174,Bankers Life Fieldhouse,"658,119","16,052",2018,IND
27.6,48,34,44,38,1.30,0.18,1.48,109.6,108.3,+1.3,100.5,.237,.319,.573,.541,13.3,20.0,.183,.513,12.5,76.7,.175,Smoothie King Center,"673,920","16,437",2018,
30.6,50,32,43,39,0.94,-0.35,0.59,112.9,111.9,+1.0,98.0,.275,.379,.584,.547,12.6,20.1,.214,.540,12.2,77.3,.166,Quicken Loans Arena,"843,042","20,562",2018,CLE
26.9,43,39,43,39,0.59,-0.06,0.53,109.3,108.7,+0.6,96.6,.254,.310,.560,.525,13.3,23.5,.196,.522,13.6,77.1,.212,Capital One Arena,"739,302","18,032",2018,WAS
26.5,44,38,42,40,0.48,-0.33,0.15,106.8,106.3,+0.5,95.6,.229,.358,.551,.520,13.3,21.5,.173,.507,13.1,79.0,.215,AmericanAirlines Arena,"804,850","19,630",2018,MIA
26.6,36,46,42,40,0.26,-0.19,0.07,109.4,109.1,+0.3,98.4,.312,.314,.549,.508,11.4,22.2,.233,.532,12.4,80.7,.165,Spectrum Center,"671,404","16,376",2018,
27.0,42,40,41,41,0.04,0.11,0.15,110.3,110.2,+0.1,98.7,.299,.314,.564,.527,13.2,23.5,.222,.520,12.6,76.1,.203,STAPLES Center,"697,812","17,020",2018,LAC
25.9,39,43,41,41,-0.15,-0.11,-0.26,107.2,107.3,-0.1,96.2,.227,.333,.543,.512,12.3,22.7,.169,.524,13.7,78.5,.172,Little Caesars Arena,"713,945","17,413",2018,DET
25.9,44,38,40,42,-0.30,-0.15,-0.45,109.8,110.1,-0.3,96.3,.281,.297,.571,.531,12.9,20.4,.220,.528,14.2,75.9,.220,BMO Harris Bradley Center,"685,303","16,856",2018,MIL
23.7,35,47,37,45,-1.55,0.11,-1.44,106.5,108.0,-1.5,100.3,.264,.329,.548,.517,13.8,23.6,.188,.514,12.5,77.7,.190,STAPLES Center,"776,327","18,935",2018,LAL
27.7,24,58,33,49,-3.04,0.34,-2.70,106.3,109.5,-3.2,95.6,.217,.382,.544,.513,11.5,18.0,.166,.532,12.8,78.9,.193,American Airlines Center,"811,453","19,792",2018,DAL
26.3,29,53,32,50,-3.56,0.03,-3.53,107.1,110.7,-3.6,96.8,.216,.266,.544,.510,13.3,24.1,.170,.522,12.1,76.7,.208,Madison Square Garden (IV),"792,608","19,332",2018,NYK
25.1,28,54,31,51,-3.74,0.07,-3.67,106.9,110.6,-3.7,98.9,.260,.411,.551,.514,13.6,21.0,.201,.517,11.0,77.0,.201,Barclays Center,"640,010","15,376",2018,BKN
25.6,25,57,28,54,-4.82,-0.10,-4.92,105.2,110.1,-4.9,98.1,.238,.342,.545,.512,13.3,20.0,.180,.525,12.8,75.6,.187,Amway Center,"734,531","17,915",2018,ORL
25.4,24,58,27,55,-5.45,0.15,-5.30,105.0,110.6,-5.6,98.3,.236,.363,.547,.512,14.1,21.1,.185,.536,13.6,76.2,.183,Philips Arena,"590,769","14,409",2018,ATL
26.0,22,60,25,57,-6.21,0.39,-5.81,104.5,111.0,-6.5,94.9,.255,.317,.539,.500,14.0,22.4,.201,.529,13.8,76.5,.256,FedEx Forum,"653,863","15,948",2018,MEM
24.4,27,55,23,59,-7.04,0.20,-6.84,103.8,110.9,-7.1,98.3,.216,.350,.529,.497,12.6,20.6,.164,.542,12.4,80.6,.184,United Center,"851,824","20,776",2018,CHI
26.4,27,55,23,59,-6.99,0.39,-6.60,103.7,111.1,-7.4,94.9,.194,.278,.529,.502,12.8,21.5,.143,.542,13.5,77.6,.199,Golden 1 Center,"714,680","17,431",2018,SAC
23.7,21,61,19,63,-9.37,0.57,-8.80,103.5,112.9,-9.4,100.3,.275,.320,.532,.495,13.9,22.5,.203,.533,11.9,76.5,.212,Talking Stick Resort Arena,"690,576","16,843",2018,PHX
26.9,60,22,61,21,8.87,-0.82,8.04,113.8,105.2,+8.6,103.3,.255,.419,.583,.550,12.0,20.8,.197,.503,11.5,80.3,.162,Fiserv Forum,"721,692","17,602",2019,MIL
28.4,57,25,56,26,6.46,-0.04,6.42,115.9,109.5,+6.4,100.9,.227,.384,.596,.565,12.6,22.5,.182,.508,11.7,77.1,.205,Oracle Arena,"803,436","19,596",2019,GSW
27.3,58,24,56,26,6.09,-0.60,5.49,113.1,107.1,+6.0,100.2,.247,.379,.579,.543,12.4,21.9,.198,.509,13.1,77.1,.190,Scotiabank Arena,"812,822","19,825",2019,TOR
27.3,50,32,54,28,5.26,0.03,5.28,110.9,105.7,+5.2,100.3,.295,.394,.572,.538,13.4,22.9,.217,.507,12.4,80.3,.189,Vivint Smart Home Arena,"750,546","18,306",2019,UTA
29.2,53,29,53,29,4.77,0.19,4.96,115.5,110.7,+4.8,97.9,.279,.519,.581,.542,12.0,22.8,.221,.525,13.4,74.4,.210,Toyota Center,"740,392","18,058",2019,HOU
25.7,49,33,52,30,4.44,-0.54,3.90,112.2,107.8,+4.4,99.6,.215,.381,.567,.534,11.5,21.6,.173,.514,13.4,77.0,.198,TD Garden,"763,584","18,624",2019,BOS
26.2,53,29,51,31,4.20,0.24,4.43,114.7,110.5,+4.2,99.1,.258,.339,.568,.528,12.1,26.6,.210,.516,11.0,77.9,.195,Moda Center,"799,345","19,496",2019,POR
24.9,54,28,51,31,3.95,0.24,4.19,113.0,108.9,+4.1,97.7,.232,.348,.558,.527,11.9,26.6,.175,.521,12.3,78.0,.194,Pepsi Center,"756,457","18,450",2019,DEN
27.0,48,34,50,32,3.33,-0.57,2.76,109.9,106.5,+3.4,98.1,.242,.292,.561,.530,12.4,21.9,.182,.516,14.1,76.2,.184,Bankers Life Fieldhouse,"689,310","16,812",2019,IND
25.7,49,33,50,32,3.40,0.15,3.56,110.3,107.0,+3.3,102.8,.266,.347,.545,.514,11.7,26.0,.190,.523,14.4,78.2,.206,Chesapeake Energy Arena,"746,323","18,203",2019,OKC
26.4,51,31,48,34,2.70,-0.44,2.25,112.6,110.0,+2.6,101.6,.312,.342,.574,.532,12.9,24.5,.241,.512,11.1,78.6,.206,Wells Fargo Center,"838,342","20,447",2019,PHI
28.8,48,34,45,37,1.68,0.12,1.80,112.9,111.2,+1.7,98.3,.237,.286,.572,.534,11.0,21.0,.194,.528,11.0,79.4,.170,AT&T Center,"750,616","18,308",2019,SAS
27.2,48,34,43,39,0.85,0.23,1.09,112.4,111.5,+0.9,101.7,.326,.295,.575,.529,12.7,22.0,.258,.514,11.4,76.0,.224,STAPLES Center,"710,327","17,325",2019,LAC
25.7,42,40,43,39,0.71,-0.43,0.28,108.9,108.1,+0.8,98.1,.216,.360,.550,.518,11.9,22.0,.168,.515,11.8,79.7,.186,Amway Center,"720,024","17,431",2019,ORL
25.4,42,40,41,41,-0.07,-0.33,-0.40,109.6,109.7,-0.1,100.8,.284,.403,.556,.520,13.0,23.8,.211,.512,11.6,76.4,.190,Barclays Center,"612,597","14,941",2019,BKN
26.9,41,41,40,42,-0.24,-0.31,-0.56,109.0,109.2,-0.2,97.4,.262,.394,.544,.509,12.3,24.8,.195,.526,12.8,78.7,.211,Little Caesars Arena,"675,963","16,487",2019,DET
27.0,39,43,40,42,-0.23,-0.22,-0.45,107.3,107.6,-0.3,98.2,.247,.368,.542,.515,13.1,24.8,.172,.510,12.7,77.6,.201,AmericanAirlines Arena,"805,264","19,641",2019,MIA
24.8,39,43,38,44,-1.12,0.31,-0.81,110.4,111.5,-1.1,103.1,.244,.321,.554,.524,11.5,23.1,.177,.533,13.6,75.5,.207,Golden 1 Center,"700,975","17,097",2019,SAC
26.6,39,43,38,44,-1.10,-0.22,-1.32,111.4,112.5,-1.1,98.7,.257,.378,.554,.514,10.9,21.7,.205,.538,12.1,77.1,.179,Spectrum Center,"676,570","16,502",2019,
25.7,33,49,38,44,-1.33,0.23,-1.10,111.4,112.6,-1.2,103.3,.254,.324,.563,.529,12.6,24.1,.193,.532,11.6,76.8,.193,Smoothie King Center,"656,183","16,004",2019,
26.9,33,49,38,44,-1.28,0.42,-0.87,109.4,110.7,-1.3,99.0,.291,.422,.555,.519,12.7,22.7,.216,.522,11.6,77.5,.191,American Airlines Center,"820,569","20,014",2019,DAL
26.2,36,46,37,45,-1.50,0.48,-1.02,111.4,112.9,-1.5,100.2,.267,.315,.552,.511,11.4,24.6,.210,.538,12.9,74.9,.190,Target Center,"627,543","15,306",2019,MIN
26.2,37,45,37,45,-1.72,0.39,-1.33,107.8,109.5,-1.7,103.2,.257,.342,.554,.527,13.4,22.2,.180,.516,12.2,76.4,.192,STAPLES Center,"778,877","18,997",2019,LAL
27.7,33,49,34,48,-2.60,0.51,-2.08,106.1,108.8,-2.7,96.6,.272,.342,.548,.508,12.9,20.0,.210,.521,13.9,77.6,.232,FedEx Forum,"638,332","15,569",2019,MEM
26.5,32,50,34,48,-2.90,-0.40,-3.30,111.1,113.9,-2.8,101.4,.266,.370,.567,.531,12.3,21.3,.204,.546,13.5,74.1,.199,Capital One Arena,"716,996","17,448",2019,WAS
25.1,29,53,27,55,-6.02,-0.04,-6.06,108.1,113.9,-5.8,103.9,.255,.403,.555,.522,14.3,24.7,.192,.541,12.8,76.4,.237,State Farm Arena,"628,440","15,328",2019,ATL
24.0,22,60,21,61,-8.41,0.10,-8.32,104.8,113.2,-8.4,99.0,.235,.295,.541,.505,12.7,19.4,.184,.541,11.9,77.3,.188,United Center,"823,475","20,085",2019,CHI
23.4,17,65,19,63,-9.21,0.28,-8.93,104.5,113.7,-9.2,99.6,.270,.334,.529,.490,12.4,22.1,.205,.533,11.7,76.1,.203,Madison Square Garden (IV),"779,087","19,002",2019,NYK
24.0,19,63,19,63,-9.34,0.73,-8.61,105.9,115.1,-9.2,100.5,.259,.335,.552,.514,13.8,20.5,.202,.545,13.5,72.5,.236,Talking Stick Resort Arena,"627,023","15,293",2019,PHX
25.2,19,63,19,63,-9.61,0.22,-9.39,107.7,117.6,-9.9,96.6,.236,.332,.540,.503,12.2,23.7,.187,.564,11.5,77.0,.181,Quicken Loans Arena,"793,337","19,350",2019,CLE
29.2,56,17,57,16,10.08,-0.67,9.41,112.4,102.9,+9.5,105.1,.271,.428,.583,.552,12.9,20.7,.201,.489,12.0,81.6,.178,Fiserv Forum,"549,036","17,711",2020,MIL
25.3,48,24,50,22,6.31,-0.47,5.83,113.3,107.0,+6.3,99.5,.259,.386,.570,.531,12.2,23.9,.207,.509,13.5,77.4,.215,TD Garden,"610,864","19,090",2020,BOS
27.4,49,23,50,22,6.44,0.21,6.66,113.9,107.6,+6.3,101.5,.295,.375,.577,.535,12.6,23.5,.233,.506,12.2,77.6,.206,STAPLES Center,"610,176","19,068",2020,LAC
26.6,53,19,50,22,6.24,-0.26,5.97,111.1,105.0,+6.1,100.9,.264,.421,.574,.536,13.1,21.3,.210,.502,14.6,76.7,.202,Scotiabank Arena,"633,456","19,796",2020,TOR
29.5,52,19,48,23,5.79,0.49,6.28,112.0,106.3,+5.7,100.9,.276,.358,.573,.542,13.3,24.5,.201,.515,14.1,78.8,.205,STAPLES Center,"588,907","18,997",2020,LAL
26.1,43,32,49,26,4.95,-0.07,4.87,116.7,111.7,+5.0,99.3,.264,.457,.581,.545,11.2,23.2,.206,.525,10.6,77.7,.175,American Airlines Center,"682,096","20,062",2020,DAL
25.9,44,29,43,30,2.95,-0.35,2.59,112.5,109.5,+3.0,98.3,.299,.419,.587,.547,13.5,20.3,.234,.523,12.6,79.5,.213,AmericanAirlines Arena,"629,771","19,680",2020,MIA
29.2,44,28,42,30,2.96,0.17,3.13,112.9,110.1,+2.8,103.7,.288,.501,.578,.537,12.6,21.0,.228,.529,13.7,75.6,.197,Toyota Center,"578,458","18,077",2020,HOU
27.3,44,28,42,30,2.47,0.05,2.52,112.3,109.9,+2.4,98.6,.268,.414,.585,.549,13.7,21.6,.208,.518,11.1,78.9,.185,Vivint Smart Home Arena,"567,486","18,306",2020,UTA
26.3,43,30,42,31,2.38,-0.13,2.25,111.3,109.0,+2.3,99.0,.255,.360,.566,.534,12.7,23.9,.193,.523,12.5,80.3,.214,Wells Fargo Center,"639,491","20,629",2020,PHI
25.6,46,27,41,32,2.11,0.24,2.35,113.1,111.0,+2.1,97.1,.235,.344,.567,.535,12.3,24.8,.183,.533,12.9,76.8,.198,Pepsi Center,"633,153","19,186",2020,DEN
25.6,45,28,41,32,1.96,-0.33,1.63,110.0,108.0,+2.0,98.9,.216,.317,.565,.534,12.0,20.0,.170,.511,13.0,76.7,.192,Bankers Life Fieldhouse,"529,002","16,531",2020,IND
25.5,44,28,41,31,1.99,0.34,2.33,110.8,108.8,+2.0,98.8,.290,.353,.573,.530,12.4,19.3,.231,.518,12.6,76.8,.173,Chesapeake Energy Arena,"600,699","18,203",2020,OKC
24.6,34,39,37,36,0.22,0.35,0.56,111.7,111.4,+0.3,101.3,.271,.361,.576,.532,13.0,22.2,.226,.539,13.7,78.8,.221,Talking Stick Resort Arena,"550,633","15,606",2020,PHX
26.3,35,37,35,37,-0.57,-0.44,-1.01,108.9,109.5,-0.6,101.4,.267,.423,.554,.520,13.1,23.2,.199,.511,11.0,77.8,.187,Barclays Center,"524,907","16,403",2020,BKN
26.1,33,40,34,39,-1.01,0.09,-0.93,108.5,109.5,-1.0,98.6,.256,.364,.544,.506,11.5,22.3,.198,.535,13.2,79.1,.176,Amway Center,"529,870","17,093",2020,ORL
27.6,32,39,33,38,-1.11,0.46,-0.65,112.4,113.5,-1.1,100.5,.262,.318,.572,.531,11.2,20.1,.212,.542,11.7,79.2,.193,AT&T Center,"550,515","18,351",2020,SAS
24.1,34,39,34,39,-1.07,0.16,-0.91,109.2,110.3,-1.1,102.8,.240,.346,.561,.528,13.2,23.0,.183,.521,12.7,77.8,.217,FedEx Forum,"523,297","15,857",2020,MEM
27.5,35,39,34,40,-1.15,0.54,-0.61,113.7,114.8,-1.1,100.7,.242,.374,.570,.533,11.2,22.4,.194,.530,11.2,75.3,.208,Moda Center,"628,303","19,634",2020,POR
25.4,30,42,33,39,-1.29,0.74,-0.55,110.7,111.9,-1.2,103.7,.256,.403,.568,.539,13.9,24.2,.186,.532,12.4,77.8,.212,Smoothie King Center,"528,172","16,505",2020,
27.0,31,41,31,41,-2.04,0.46,-1.59,110.2,112.2,-2.0,98.9,.230,.395,.566,.534,13.0,21.9,.177,.543,13.6,78.4,.225,Golden 1 Center,"520,663","16,796",2020,SAC
24.4,22,43,26,39,-3.08,-0.93,-4.00,106.7,109.8,-3.1,99.7,.231,.396,.547,.515,13.7,22.8,.175,.546,16.3,75.6,.239,United Center,"639,352","18,804",2020,CHI
25.9,20,46,26,40,-3.56,-0.82,-4.38,109.0,112.7,-3.7,97.6,.261,.381,.561,.529,13.8,22.6,.194,.541,12.7,75.9,.186,Little Caesars Arena,"509,469","15,294",2020,DET
24.8,19,45,24,40,-4.30,0.28,-4.02,108.1,112.2,-4.1,103.4,.277,.433,.551,.514,13.0,22.1,.209,.541,13.2,77.2,.218,Target Center,"482,112","15,066",2020,MIN
25.1,25,47,26,46,-4.67,-0.57,-5.24,110.9,115.5,-4.6,102.7,.270,.358,.562,.523,12.2,22.2,.213,.558,13.9,75.3,.231,Capital One Arena,"532,702","16,647",2020,WAS
24.5,21,45,20,46,-6.45,-0.26,-6.72,106.5,113.0,-6.5,98.6,.263,.318,.531,.501,12.6,25.8,.182,.541,12.4,78.3,.224,Madison Square Garden (IV),"620,789","18,812",2020,NYK
24.3,23,42,19,46,-6.75,-0.28,-7.03,106.3,113.3,-7.0,95.8,.252,.399,.539,.504,13.3,23.9,.188,.546,13.1,74.4,.159,Spectrum Center,"478,591","15,428",2020,
24.1,20,47,18,49,-7.97,0.27,-7.71,107.2,114.8,-7.6,103.0,.258,.398,.554,.515,13.8,21.6,.204,.543,12.7,74.9,.233,State Farm Arena,"545,453","16,043",2020,ATL
25.0,19,46,18,47,-7.89,0.12,-7.77,107.5,115.4,-7.9,98.7,.227,.362,.553,.522,14.6,24.6,.172,.560,11.7,77.4,.164,Rocket Mortgage Fieldhouse,"643,008","17,861",2020,CLE
24.4,15,50,16,49,-8.71,0.59,-8.12,105.2,113.8,-8.6,100.3,.264,.355,.540,.497,13.2,21.5,.212,.553,13.7,76.4,.193,Chase Center,"614,176","18,064",2020,GSW
28.5,52.0,20.0,55,17,9.25,-0.29,8.97,117.6,108.3,9.3,98.5,0.244,0.488,0.597,0.563,12.7,24.5,0.195,0.507,10.3,79.3,0.159,Vivint Smart Home Arena,"151,300","4,203",2021,UTA
28.8,47.0,25.0,49,23,6.18,-0.16,6.02,117.6,111.2,6.4,96.9,0.222,0.4,0.599,0.564,12.2,22.7,0.186,0.531,11.9,79.1,0.186,STAPLES Center,"13,901",386,2021,LAC
26.6,51.0,21.0,49,23,5.82,-0.15,5.67,117.2,111.3,5.9,97.2,0.212,0.392,0.597,0.564,11.5,20.8,0.177,0.534,12.4,78.5,0.194,Phoenix Suns Arena,"104,027","2,890",2021,PHX
28.1,46.0,26.0,48,24,5.89,-0.32,5.57,117.2,111.4,5.8,102.2,0.233,0.404,0.593,0.566,12.0,23.3,0.177,0.536,11.5,79.7,0.157,Fiserv Forum,"64,780","1,799",2021,MIL
27.1,49.0,23.0,48,24,5.58,-0.31,5.28,113.2,107.6,5.6,99.5,0.293,0.347,0.579,0.541,12.8,23.2,0.225,0.521,13.8,78.2,0.2,Wells Fargo Center,"68,583","1,905",2021,PHI
26.1,47.0,25.0,47,25,4.93,-0.11,4.82,117.1,112.1,5.0,97.1,0.219,0.383,0.588,0.557,12.1,24.7,0.176,0.545,12.9,78.9,0.2,Ball Arena,"54,563","1,516",2021,DEN
28.2,48.0,24.0,46,26,4.5,-0.27,4.24,118.3,113.8,4.5,99.5,0.258,0.413,0.61,0.575,12.2,21.4,0.208,0.531,11.1,77.3,0.187,Barclays Center,"30,491",847,2021,BKN
28.2,42.0,30.0,42,30,2.79,-0.03,2.77,109.9,107.1,2.8,98.7,0.271,0.363,0.569,0.536,13.6,22.5,0.2,0.526,13.7,79.7,0.184,STAPLES Center,"23,313",648,2021,LAL
26.3,42.0,30.0,41,31,2.26,-0.01,2.26,115.4,113.0,2.4,97.3,0.242,0.436,0.582,0.55,11.1,21.1,0.189,0.534,11.5,77.8,0.197,American Airlines Center,"94,849","2,635",2021,DAL
25.6,41.0,31.0,41,31,2.31,-0.18,2.13,110.6,108.2,2.4,95.9,0.242,0.347,0.559,0.524,11.9,21.9,0.19,0.509,11.7,78.6,0.196,Madison Square Garden (IV),"42,131","1,170",2021,NYK
25.4,41.0,31.0,41,31,2.32,-0.18,2.14,115.7,113.3,2.4,97.6,0.278,0.382,0.581,0.539,11.9,24.4,0.226,0.53,11.1,77.8,0.19,State Farm Arena,"59,288","1,647",2021,ATL
27.4,42.0,30.0,40,32,1.79,0.01,1.81,117.8,116.0,1.8,98.4,0.238,0.448,0.577,0.54,9.9,23.0,0.195,0.546,11.2,77.5,0.203,Moda Center,"5,817",162,2021,POR
25.1,36.0,36.0,39,33,1.46,-0.14,1.32,114.0,112.5,1.5,98.3,0.234,0.409,0.574,0.543,12.5,24.3,0.181,0.539,12.8,78.1,0.215,TD Garden,"30,067",835,2021,BOS
26.7,39.0,33.0,38,34,1.06,0.04,1.1,111.1,110.1,1.0,102.2,0.239,0.439,0.583,0.551,13.3,17.9,0.188,0.522,13.1,76.6,0.223,Chase Center,"33,457",929,2021,GSW
24.2,38.0,34.0,38,34,1.03,0.04,1.07,112.0,111.0,1.0,100.4,0.232,0.342,0.56,0.528,11.6,24.2,0.179,0.535,13.1,78.3,0.196,FedEx Forum,"61,449","1,707",2021,MEM
27.4,40.0,32.0,36,36,0.03,-0.09,-0.06,111.2,111.2,0.0,96.6,0.252,0.432,0.581,0.546,13.1,19.4,0.199,0.542,13.8,77.9,0.183,AmericanAirlines Arena,,,2021,MIA
26.5,34.0,38.0,36,36,-0.04,-0.08,-0.13,112.4,112.4,0.0,101.6,0.227,0.372,0.575,0.542,11.9,20.2,0.18,0.531,12.7,74.9,0.201,Bankers Life Fieldhouse,,,2021,IND
24.8,31.0,41.0,35,37,-0.29,0.1,-0.2,113.5,113.8,-0.3,100.1,0.293,0.342,0.57,0.537,12.7,26.3,0.214,0.55,11.9,80.0,0.186,Smoothie King Center,"93,120","2,587",2021,
26.6,27.0,45.0,35,37,-0.47,-0.07,-0.54,112.0,112.5,-0.5,99.2,0.241,0.444,0.567,0.529,11.9,20.8,0.196,0.543,14.4,76.3,0.234,Amalie Arena,"26,024",723,2021,TOR
25.6,31.0,41.0,34,38,-0.89,-0.05,-0.94,111.1,112.0,-0.9,99.0,0.197,0.383,0.575,0.547,13.6,22.3,0.156,0.538,11.6,80.3,0.196,United Center,"13,655",379,2021,CHI
26.2,33.0,39.0,32,40,-1.74,0.15,-1.58,111.0,112.8,-1.8,98.9,0.243,0.314,0.554,0.517,10.2,20.0,0.192,0.541,11.8,77.3,0.174,AT&T Center,"61,053","1,696",2021,SAS
26.6,34.0,38.0,32,40,-1.83,-0.01,-1.85,111.2,113.0,-1.8,104.1,0.288,0.319,0.569,0.531,12.3,21.3,0.221,0.539,12.5,77.6,0.217,Capital One Arena,"19,198",533,2021,WAS
24.6,33.0,39.0,32,40,-1.93,-0.01,-1.94,110.9,112.8,-1.9,98.3,0.238,0.422,0.564,0.532,13.3,23.5,0.181,0.55,13.2,75.7,0.163,Spectrum Center,"68,255","1,896",2021,
25.6,31.0,41.0,28,44,-3.68,0.23,-3.45,113.6,117.2,-3.6,100.0,0.248,0.376,0.578,0.549,12.0,21.3,0.185,0.557,12.1,75.0,0.199,Golden 1 Center,,,2021,SAC
24.5,20.0,52.0,26,46,-4.47,0.09,-4.38,108.0,112.5,-4.5,97.9,0.273,0.385,0.556,0.519,13.5,21.9,0.207,0.541,12.6,76.9,0.195,Little Caesars Arena,"14,250",396,2021,DET
23.2,23.0,49.0,24,48,-5.56,0.31,-5.25,109.5,115.0,-5.5,101.6,0.254,0.413,0.555,0.52,12.4,22.7,0.193,0.556,13.3,76.8,0.207,Target Center,"15,774",438,2021,MIN
26.5,17.0,55.0,20,52,-7.9,0.4,-7.5,107.1,114.9,-7.8,101.4,0.252,0.459,0.553,0.521,13.0,19.8,0.187,0.555,12.9,77.1,0.201,Toyota Center,"117,009","3,250",2021,HOU
24.0,22.0,50.0,18,54,-8.44,0.25,-8.19,105.8,114.4,-8.6,97.3,0.261,0.347,0.543,0.508,13.9,23.6,0.194,0.556,13.0,76.6,0.183,Rocket Mortgage Fieldhouse,"91,476","2,541",2021,CLE
25.6,21.0,51.0,17,55,-9.31,0.29,-9.02,105.1,114.5,-9.4,98.7,0.24,0.356,0.527,0.49,11.5,21.6,0.186,0.547,11.5,78.2,0.169,Amway Center,"126,463","3,513",2021,ORL
22.8,22.0,50.0,15,57,-10.64,0.51,-10.13,103.5,114.0,-10.5,101.0,0.242,0.399,0.539,0.509,14.2,21.2,0.176,0.547,11.5,77.9,0.167,Chesapeake Energy Arena,,,2021,OKC
26.1,51,31,59,23,7.28,-0.26,7.02,114.4,106.9,+7.5,96.6,.239,.425,.578,.542,12.4,24.0,.195,.502,12.5,77.3,.183,TD Garden,"785,396","19,156",2022,BOS
27.5,64,18,59,23,7.50,-0.56,6.94,114.8,107.3,+7.5,99.8,.221,.354,.581,.549,11.6,22.3,.176,.510,13.0,77.1,.195,Phoenix Suns Arena,"663,171","16,175",2022,PHX
29.3,49,33,56,26,6.04,-0.37,5.67,116.7,110.5,+6.2,97.1,.271,.468,.589,.555,12.7,25.4,.208,.521,10.9,78.3,.164,Vivint Smart Home Arena,"750,546","18,306",2022,UTA
24.0,56,26,55,27,5.68,-0.32,5.37,114.6,109.0,+5.6,100.3,.245,.346,.553,.522,11.2,30.0,.180,.523,13.3,77.8,.195,FedEx Forum,"646,785","15,775",2022,MEM
27.6,53,29,55,27,5.54,-0.02,5.52,112.5,106.9,+5.6,98.4,.235,.456,.582,.552,13.5,22.8,.181,.509,13.0,78.7,.201,Chase Center,"740,624","18,064",2022,GSW
28.2,53,29,53,29,4.45,-0.22,4.23,113.7,109.1,+4.6,95.9,.252,.422,.584,.547,13.4,23.5,.204,.524,13.8,78.0,.209,FTX Arena,"804,761","19,628",2022,MIA
26.7,52,30,50,32,3.30,-0.18,3.12,112.8,109.4,+3.4,95.4,.249,.439,.572,.538,11.7,21.3,.192,.521,12.2,78.0,.185,American Airlines Center,"808,037","19,708",2022,DAL
28.5,51,31,49,33,3.35,-0.14,3.22,115.1,111.8,+3.3,99.9,.257,.430,.580,.546,11.9,23.0,.199,.536,11.6,78.6,.165,Fiserv Forum,"715,581","17,453",2022,MIL
26.8,51,31,48,34,2.61,-0.04,2.57,113.5,110.8,+2.7,96.2,.282,.376,.578,.534,11.6,20.1,.232,.524,12.1,76.8,.192,Wells Fargo Center,"846,867","20,655",2022,PHI
24.2,46,36,48,34,2.63,-0.10,2.53,114.3,111.7,+2.6,100.9,.254,.454,.573,.539,12.4,24.4,.198,.535,14.2,74.9,.227,Target Center,"657,148","16,028",2022,MIN
27.7,48,34,47,35,2.30,-0.15,2.16,114.5,112.1,+2.4,97.8,.244,.416,.590,.556,13.2,21.9,.194,.537,11.7,78.3,.188,Ball Arena,"695,262","16,958",2022,DEN
24.8,48,34,47,35,2.29,0.08,2.38,112.9,110.5,+2.4,96.0,.234,.375,.543,.510,11.0,28.4,.177,.535,14.4,75.6,.199,Scotiabank Arena,"547,343","13,350",2022,TOR
24.7,44,38,47,35,2.12,-0.08,2.04,111.9,109.7,+2.2,96.1,.261,.387,.571,.538,13.2,24.0,.198,.520,12.3,76.5,.172,Rocket Mortgage Fieldhouse,"758,228","18,493",2022,CLE
26.1,43,39,45,37,1.56,-0.01,1.55,116.5,114.9,+1.6,97.7,.253,.390,.581,.543,10.8,23.0,.205,.543,11.5,76.9,.177,State Farm Arena,"672,742","16,408",2022,ATL
29.1,44,38,43,39,0.78,0.04,0.82,113.6,112.8,+0.8,99.0,.246,.359,.576,.540,12.5,23.9,.198,.521,11.7,75.1,.201,Barclays Center,"711,539","17,355",2022,BKN
25.5,43,39,42,40,0.44,0.09,0.53,114.1,113.7,+0.4,100.0,.234,.418,.572,.544,11.6,23.3,.173,.544,13.1,74.8,.187,Spectrum Center,"700,755","17,092",2022,
24.5,34,48,41,41,0.12,-0.10,0.02,112.4,112.3,+0.1,100.0,.220,.345,.556,.527,11.1,23.7,.166,.532,12.1,75.1,.176,AT&T Center,"615,588","15,014",2022,SAS
27.5,42,40,41,41,0.02,0.06,0.09,110.1,110.1,0.0,98.0,.224,.391,.564,.531,12.5,20.6,.178,.514,12.0,74.4,.167,Crypto.com Arena,"694,005","16,927",2022,LAC
26.0,37,45,41,41,-0.12,0.11,-0.01,110.4,110.5,-0.1,95.9,.280,.428,.550,.513,12.0,25.1,.208,.521,11.7,78.8,.198,Madison Square Garden (IV),"763,484","18,622",2022,NYK
26.3,46,36,40,42,-0.39,0.02,-0.38,113.2,113.6,-0.4,98.3,.248,.332,.579,.541,11.8,20.4,.201,.541,11.9,78.3,.199,United Center,"856,148","20,882",2022,CHI
25.6,36,46,38,44,-0.99,0.15,-0.84,112.0,113.0,-1.0,97.2,.264,.365,.557,.517,12.5,26.9,.208,.547,13.0,78.2,.196,Smoothie King Center,"635,941","15,511",2022,
30.2,33,49,33,49,-3.05,-0.03,-3.08,110.3,113.3,-3.0,100.1,.259,.388,.567,.537,12.8,21.1,.190,.540,12.2,75.8,.192,Crypto.com Arena,"764,631","18,650",2022,LAL
25.9,35,47,32,50,-3.38,0.15,-3.23,111.1,114.5,-3.4,97.0,.252,.356,.568,.532,12.1,20.9,.197,.529,10.7,76.9,.202,Capital One Arena,"637,215","15,542",2022,WAS
26.0,25,57,32,50,-3.48,0.22,-3.26,112.6,116.1,-3.5,98.0,.239,.395,.564,.531,12.7,25.5,.184,.552,11.9,76.2,.204,Gainbridge Fieldhouse,"588,743","14,360",2022,IND
25.8,30,52,28,54,-5.46,0.20,-5.26,109.9,115.3,-5.4,99.8,.264,.377,.561,.525,12.5,21.3,.203,.551,11.9,76.0,.176,Golden 1 Center,"577,583","14,087",2022,SAC
23.6,23,59,22,60,-7.72,0.37,-7.36,106.0,113.8,-7.8,98.4,.249,.391,.533,.494,12.6,23.4,.194,.541,13.1,75.6,.226,Little Caesars Arena,"663,556","16,184",2022,DET
23.3,22,60,21,61,-8.00,0.33,-7.67,104.5,112.5,-8.0,99.2,.223,.417,.538,.503,13.0,19.8,.175,.532,11.7,77.2,.196,Amway Center,"622,881","15,192",2022,ORL
22.4,24,58,21,61,-8.10,0.20,-7.90,104.6,112.8,-8.2,98.6,.223,.419,.530,.497,12.5,21.8,.169,.533,11.8,76.1,.169,Paycom Center,"595,112","14,515",2022,OKC
24.1,20,62,21,61,-8.48,0.22,-8.26,108.4,116.7,-8.3,100.9,.284,.448,.565,.534,14.5,21.7,.202,.554,12.3,74.4,.206,Toyota Center,"638,977","15,585",2022,HOU
25.6,27,55,20,62,-8.88,0.33,-8.55,107.8,116.9,-9.1,98.3,.248,.422,.550,.515,13.0,22.9,.188,.559,12.7,76.9,.222,Moda Center,"705,608","17,210",2022,POR
27.4,57,25,57,25,6.52,-0.15,6.38,118.0,111.5,+6.5,98.5,.243,.480,.600,.566,12.0,22.1,.197,.528,11.3,78.5,.180,TD Garden,"785,396","19,156",2023,BOS
25.4,51,31,55,27,5.38,-0.15,5.23,116.1,110.6,+5.5,95.7,.264,.371,.590,.556,12.3,23.6,.206,.535,14.4,76.3,.210,Rocket Mortgage Fieldhouse,"777,280","18,958",2023,CLE
28.2,54,28,52,30,4.32,0.06,4.37,117.7,113.3,+4.4,96.9,.300,.389,.608,.563,12.6,21.6,.250,.541,13.0,77.2,.217,Wells Fargo Center,"839,261","20,470",2023,PHI
24.4,51,31,51,31,3.94,-0.34,3.60,115.1,111.2,+3.9,101.1,.259,.372,.570,.540,11.7,26.5,.190,.526,13.1,75.9,.206,FedEx Forum,"707,836","17,264",2023,MEM
29.8,58,24,50,32,3.63,-0.02,3.61,115.4,111.9,+3.5,100.5,.248,.446,.583,.555,12.7,25.0,.184,.520,10.4,77.8,.175,Fiserv Forum,"718,786","17,531",2023,MIL
26.6,53,29,49,33,3.33,-0.29,3.04,117.6,114.2,+3.4,98.1,.259,.361,.601,.573,13.1,24.8,.194,.543,12.2,76.4,.201,Ball Arena,"788,635","19,235",2023,DEN
24.5,47,35,48,34,2.93,0.06,2.99,117.8,114.8,+3.0,97.1,.285,.400,.577,.541,11.4,28.3,.217,.536,11.4,77.1,.210,Madison Square Garden (IV),"795,110","19,393",2023,NYK
25.4,48,34,47,35,2.65,-0.35,2.30,119.4,116.8,+2.6,100.3,.284,.423,.608,.572,12.0,22.7,.225,.563,12.6,77.2,.203,Golden 1 Center,"715,491","17,451",2023,SAC
28.1,45,37,46,36,2.07,0.01,2.08,115.1,113.0,+2.1,98.2,.241,.362,.570,.535,12.0,26.6,.191,.532,12.9,76.0,.234,Footprint Center,"699,911","17,071",2023,PHX
25.9,42,40,46,36,1.89,-0.26,1.63,114.4,112.5,+1.9,99.1,.279,.344,.582,.543,12.9,24.7,.221,.543,13.4,77.4,.212,Smoothie King Center,"687,691","16,773",2023,
27.3,44,38,45,37,1.80,-0.15,1.66,116.1,114.4,+1.7,101.6,.224,.479,.600,.571,14.1,24.4,.178,.540,12.3,76.0,.214,Chase Center,"740,624","18,064",2023,GSW
25.8,41,41,45,37,1.48,0.12,1.59,115.5,114.0,+1.5,97.1,.257,.351,.555,.517,10.3,27.8,.201,.565,15.3,76.7,.223,Scotiabank Arena,"811,261","19,787",2023,TOR
27.5,40,42,44,38,1.29,0.07,1.37,113.5,112.2,+1.3,98.5,.251,.333,.587,.550,12.2,20.1,.203,.544,13.5,77.8,.197,United Center,"841,632","20,528",2023,CHI
22.8,40,42,44,38,1.09,-0.12,0.96,115.2,114.2,+1.0,101.1,.256,.369,.570,.531,11.2,24.7,.207,.547,14.4,72.9,.222,Paycom Center,"636,903","15,534",2023,OKC
28.0,45,37,43,39,0.85,0.18,1.03,115.0,114.1,+0.9,98.3,.260,.397,.598,.562,12.7,19.6,.208,.530,12.2,73.7,.212,Barclays Center,"724,439","17,669",2023,BKN
27.9,43,39,42,40,0.57,-0.15,0.43,114.5,113.9,+0.6,101.3,.299,.351,.582,.542,12.3,22.8,.232,.535,10.9,76.3,.171,Crypto.com Arena,"763,168","18,614",2023,LAL
29.7,44,38,42,40,0.50,-0.19,0.31,115.0,114.5,+0.5,98.0,.278,.387,.588,.551,12.8,22.9,.217,.543,11.7,76.6,.195,Crypto.com Arena,"720,543","17,574",2023,LAC
24.9,41,41,42,40,0.29,0.02,0.32,116.6,116.3,+0.3,100.7,.244,.331,.579,.541,11.2,25.1,.200,.552,12.4,75.8,.206,State Farm Arena,"719,787","17,556",2023,ATL
27.8,38,44,41,41,0.07,-0.22,-0.14,116.8,116.7,+0.1,96.6,.298,.487,.599,.565,11.4,18.0,.225,.549,11.9,75.5,.226,American Airlines Center,"827,282","20,178",2023,DAL
25.8,42,40,41,41,-0.04,-0.18,-0.22,113.7,113.8,-0.1,101.0,.271,.381,.592,.560,13.6,21.5,.205,.540,13.3,74.3,.225,Target Center,"687,510","16,769",2023,MIN
27.7,44,38,40,42,-0.32,0.18,-0.13,113.0,113.3,-0.3,96.3,.270,.408,.574,.530,12.4,22.8,.224,.561,14.5,77.7,.198,Kaseya Center,"807,190","19,688",2023,MIA
26.5,37,45,39,43,-0.94,-0.09,-1.03,115.8,116.7,-0.9,100.5,.265,.421,.584,.547,13.3,26.8,.209,.541,10.9,75.2,.205,Vivint Arena,"728,240","17,762",2023,UTA
26.2,35,47,38,44,-1.21,0.15,-1.06,114.4,115.6,-1.2,98.6,.258,.365,.585,.550,12.7,22.6,.202,.540,11.0,76.1,.194,Capital One Arena,"710,481","17,329",2023,WAS
23.1,34,48,35,47,-2.56,0.17,-2.39,111.6,114.2,-2.6,99.3,.290,.361,.573,.532,13.4,23.8,.227,.550,13.1,77.7,.211,Amway Center,"728,405","17,766",2023,ORL
24.5,35,47,33,49,-3.18,0.28,-2.91,114.6,117.7,-3.1,101.1,.265,.413,.581,.545,13.0,23.4,.209,.554,13.0,72.2,.229,Gainbridge Fieldhouse,"641,562","15,648",2023,IND
25.1,33,49,31,51,-4.01,0.05,-3.96,114.8,118.8,-4.0,98.6,.289,.413,.589,.549,13.1,22.4,.230,.563,12.1,74.9,.217,Moda Center,"767,374","18,716",2023,POR
25.3,27,55,26,56,-6.24,0.35,-5.89,109.2,115.3,-6.1,100.8,.261,.360,.550,.516,12.3,23.8,.195,.544,12.5,75.5,.211,Spectrum Center,"702,052","17,123",2023,
22.1,22,60,23,59,-7.85,0.24,-7.62,111.4,119.3,-7.9,99.0,.285,.359,.554,.516,14.0,30.2,.215,.564,11.8,75.8,.218,Toyota Center,"668,865","16,314",2023,HOU
24.1,17,65,22,60,-8.22,0.49,-7.73,110.7,118.9,-8.2,99.0,.295,.372,.561,.520,13.3,24.9,.227,.557,11.9,74.0,.231,Little Caesars Arena,"759,715","18,596",2023,DET
23.9,22,60,19,63,-10.04,0.22,-9.82,110.2,120.0,-9.8,101.6,.229,.348,.554,.525,13.0,25.6,.170,.576,12.0,74.9,.201,AT&T Center,"694,434","15,508",2023,SAS
