Season,team,team_full_name,conference,avg_age,avg_exp,avg_weight,avg_height,highest_salary,median_salary,total_salary,top_players,not_top_players,nb_championships,nb_champ_past_4y,nb_po_apperence,winner,ranking,Odds,avg_rank_last_x_years
2025,ATL,Atlanta Hawks,EAST,25.3,3.7,217.1052631578948,78.95,43031940,6059520.0,169529070,1,14,0,0,36,0,,15000,7.444444444444445
2024,ATL,Atlanta Hawks,EAST,25.789473684210527,4.368421052631579,210.6315789473684,78.26315789473684,40064220,2753441.0,157259361,1,21,0,0,36,0,10.0,8000,7.294117647058823
2023,ATL,Atlanta Hawks,EAST,24.7,3.35,211.05,78.5,37096500,2755015.5,148633740,1,19,0,0,36,0,8.0,5000,7.25
2022,ATL,Atlanta Hawks,EAST,25.916666666666668,4.125,213.625,78.25,23000000,2659560.0,133731629,0,25,0,0,35,0,9.0,3500,7.133333333333334
2021,ATL,Atlanta Hawks,EAST,25.666666666666668,4.388888888888889,213.16666666666663,77.83333333333333,19500000,4612500.0,115195055,0,18,0,0,34,0,5.0,10000,7.285714285714286
2020,ATL,Atlanta Hawks,EAST,25.714285714285715,4.142857142857143,216.66666666666663,78.71428571428571,25102511,2564753.0,113286743,1,21,0,0,33,0,14.0,25000,6.769230769230769
2019,ATL,Atlanta Hawks,EAST,25.0,3.1818181818181817,219.13636363636363,79.13636363636364,25534253,2275020.0,107076435,1,23,0,0,33,0,12.0,150000,6.333333333333333
2018,ATL,Atlanta Hawks,EAST,25.5,2.6818181818181817,208.1818181818182,78.36363636363636,16910113,1662500.0,99574321,0,25,0,0,33,0,15.0,200000,5.545454545454546
2017,ATL,Atlanta Hawks,EAST,28.2,5.9,222.05,78.8,23180275,2299942.5,96007250,2,18,0,0,33,0,5.0,10000,5.6
2016,ATL,Atlanta Hawks,EAST,27.352941176470587,5.294117647058823,218.0,78.58823529411765,19000000,2435000.0,71453126,1,15,0,0,32,0,4.0,3600,5.777777777777778
2015,ATL,Atlanta Hawks,EAST,27.0,4.75,224.25,78.75,12000000,2000000.0,58337671,1,16,0,0,31,0,1.0,12500,6.375
2014,ATL,Atlanta Hawks,EAST,26.11111111111111,3.7777777777777777,226.5,78.55555555555556,12000000,1500000.0,55293144,1,14,0,0,30,0,8.0,6600,6.142857142857143
2013,ATL,Atlanta Hawks,EAST,26.83333333333333,5.333333333333333,219.66666666666663,78.27777777777777,13200000,2336763.5,66768365,0,18,0,0,29,0,6.0,8000,6.166666666666667
2012,ATL,Atlanta Hawks,EAST,29.1875,7.8125,223.875,79.125,18038573,1352181.0,73669912,1,15,0,0,28,0,4.0,5000,6.6
2011,ATL,Atlanta Hawks,EAST,27.294117647058822,5.823529411764706,224.0,79.05882352941177,16324500,2864045.0,71469843,1,13,0,0,27,0,5.0,4000,7.0
2010,ATL,Atlanta Hawks,EAST,26.5,5.642857142857143,227.3571428571429,79.35714285714286,14976754,3403820.0,65883642,1,13,0,0,26,0,3.0,5000,8.333333333333334
2009,ATL,Atlanta Hawks,EAST,25.0,3.6,221.9333333333333,78.26666666666667,14983603,2500000.0,68168841,2,13,0,0,25,0,4.0,10000,10.5
2008,ATL,Atlanta Hawks,EAST,25.0625,3.875,215.6875,78.3125,13500000,3631449.0,55501133,2,11,0,0,24,0,8.0,12500,13.0
2025,BOS,Boston Celtics,EAST,26.318181818181817,4.727272727272728,220.31578947368425,79.31818181818181,49700000,3256341.5,201620656,1,15,18,1,61,0,,300,4.611111111111111
2024,BOS,Boston Celtics,EAST,25.894736842105264,4.684210526315789,216.6315789473684,79.26315789473684,36861707,2019706.0,183679244,1,20,18,1,61,1,1.0,450,4.823529411764706
2023,BOS,Boston Celtics,EAST,26.72222222222222,5.333333333333333,225.38888888888889,78.94444444444444,30351780,3903140.5,175733265,0,18,17,0,60,0,2.0,500,5.0
2022,BOS,Boston Celtics,EAST,26.428571428571427,4.857142857142857,221.07142857142856,78.64285714285714,28103550,606702.0,134288148,2,23,17,0,59,0,2.0,4000,5.2
2021,BOS,Boston Celtics,EAST,24.904761904761905,3.571428571428572,224.0952380952381,78.04761904761905,34379100,2205960.0,130767745,1,19,17,0,58,0,7.0,1400,5.071428571428571
2020,BOS,Boston Celtics,EAST,24.529411764705884,2.411764705882353,224.8235294117647,78.0,32742000,2158680.0,118272499,2,18,17,0,57,0,3.0,2900,5.230769230769231
2019,BOS,Boston Celtics,EAST,25.58823529411765,3.764705882352941,225.1764705882353,78.47058823529412,31214295,2667600.0,125541941,2,17,17,0,56,0,4.0,620,5.333333333333333
2018,BOS,Boston Celtics,EAST,25.3,2.7,219.85,77.6,29727900,1988520.0,115075693,2,19,17,0,55,0,2.0,1200,5.636363636363637
2017,BOS,Boston Celtics,EAST,25.133333333333333,4.2,219.53333333333333,77.86666666666666,26540100,2500227.0,93465328,1,19,17,0,54,0,1.0,2900,6.1
2016,BOS,Boston Celtics,EAST,24.58823529411765,3.0588235294117645,221.8235294117647,78.29411764705883,15493680,2107778.5,77202316,1,21,17,0,53,0,5.0,15500,6.222222222222222
2015,BOS,Boston Celtics,EAST,26.13636363636364,4.545454545454546,218.45454545454547,78.22727272727273,10105855,2075760.0,61092622,0,21,17,0,52,0,7.0,15000,6.125
2014,BOS,Boston Celtics,EAST,25.63157894736842,4.052631578947368,217.42105263157896,77.89473684210526,12000000,5058198.0,63769609,0,11,17,0,51,0,12.0,10000,5.285714285714286
2013,BOS,Boston Celtics,EAST,27.45,6.0,225.05,79.4,16790345,1352181.0,73021989,1,18,17,0,51,0,7.0,2000,5.0
2012,BOS,Boston Celtics,EAST,28.176470588235293,7.235294117647059,218.52941176470588,79.3529411764706,21247044,2246400.0,79820530,1,14,17,0,50,0,5.0,1600,5.0
2011,BOS,Boston Celtics,EAST,27.761904761904763,6.761904761904762,226.57142857142856,79.33333333333333,18800000,4999552.0,82045867,1,13,17,1,49,0,3.0,1000,5.5
2010,BOS,Boston Celtics,EAST,27.84210526315789,6.0,219.3684210526316,77.78947368421052,19795712,3206896.5,83552174,2,12,17,1,48,0,4.0,450,6.0
2009,BOS,Boston Celtics,EAST,26.625,5.5625,222.6875,78.5625,24751934,2500000.0,79188973,3,10,17,1,47,0,2.0,350,8.0
2008,BOS,Boston Celtics,EAST,28.2,6.666666666666667,223.53333333333333,78.8,23750000,1684070.5,74509455,3,11,17,1,46,1,1.0,1000,15.0
2025,BRK,Brooklyn Nets,EAST,24.94736842105263,3.947368421052632,214.11111111111111,79.05263157894737,40338144,4041249.0,165717974,1,14,0,0,8,0,,100000,8.25
2024,BRK,Brooklyn Nets,EAST,25.09523809523809,3.809523809523809,214.0952380952381,78.23809523809524,37893408,2210040.0,152943858,1,22,0,0,8,0,11.0,12500,8.0
2023,BRK,Brooklyn Nets,EAST,27.0,5.12,218.56,78.8,35448672,2138160.0,157516641,1,22,0,0,8,0,6.0,700,8.2
2022,BRK,Brooklyn Nets,EAST,28.541666666666668,7.041666666666667,218.25,78.04166666666667,40918900,2320000.0,172646771,2,23,0,0,7,0,7.0,240,8.333333333333334
2021,BRK,Brooklyn Nets,EAST,27.0,5.481481481481482,221.88888888888889,78.81481481481481,41254920,1517981.0,166561612,3,20,0,0,6,0,2.0,600,9.125
2020,BRK,Brooklyn Nets,EAST,26.08333333333333,4.75,216.25,78.41666666666667,37199000,1805418.0,126998206,2,22,0,0,5,0,7.0,5500,9.428571428571429
2019,BRK,Brooklyn Nets,EAST,25.21052631578948,3.473684210526316,216.94736842105263,78.15789473684211,18919725,2099800.5,118271871,0,22,0,0,4,0,7.0,125000,9.833333333333334
2018,BRK,Brooklyn Nets,EAST,25.09090909090909,3.3181818181818183,220.3636363636364,78.77272727272727,19332500,1709538.0,95964560,1,20,0,0,3,0,12.0,250000,9.4
2017,BRK,Brooklyn Nets,EAST,25.666666666666668,3.4761904761904763,222.0952380952381,78.61904761904762,21165675,1395600.0,84006170,1,24,0,0,3,0,15.0,135000,8.0
2016,BRK,Brooklyn Nets,EAST,25.764705882352946,4.176470588235294,220.2941176470588,78.88235294117646,24894863,1237860.0,83831503,2,18,0,0,3,0,14.0,30000,6.0
2015,BRK,Brooklyn Nets,EAST,27.36842105263158,5.0,224.94736842105263,79.57894736842105,23180790,2405920.0,91873492,2,14,0,0,3,0,9.0,6000,4.5
2014,BRK,Brooklyn Nets,EAST,28.84210526315789,7.052631578947368,222.73684210526315,79.15789473684211,21466718,3183000.0,102608995,1,14,0,0,2,0,5.0,1200,4.0
2013,BRK,Brooklyn Nets,EAST,27.47058823529412,5.764705882352941,220.52941176470588,79.0,19752645,1290703.0,84290205,2,14,0,0,1,0,4.0,2800,4.0
2014,CHA,Charlotte Bobcats,EAST,26.05263157894737,4.157894736842105,223.21052631578948,78.36842105263158,13500000,2850960.0,60819062,2,12,0,0,2,0,7.0,30000,11.428571428571429
2013,CHA,Charlotte Bobcats,EAST,26.166666666666668,4.666666666666667,224.16666666666663,78.72222222222223,12400000,3007920.0,57491899,1,14,0,0,1,0,14.0,50000,11.0
2012,CHA,Charlotte Bobcats,EAST,26.125,4.5,225.8125,78.75,10262069,2750000.0,57902024,0,15,0,0,1,0,15.0,20000,10.2
2011,CHA,Charlotte Bobcats,EAST,26.789473684210527,5.421052631578948,226.94736842105263,79.36842105263158,9000000,2770200.0,66542696,0,18,0,0,1,0,10.0,6600,10.25
2010,CHA,Charlotte Bobcats,EAST,27.105263157894736,6.0,219.4736842105264,79.10526315789474,11850000,5122397.0,68681758,0,14,0,0,1,0,7.0,12500,11.333333333333334
2009,CHA,Charlotte Bobcats,EAST,25.83333333333333,3.9583333333333335,226.25,79.33333333333333,9537500,2661027.0,62866926,0,17,0,0,8,0,10.0,12500,12.0
2008,CHA,Charlotte Bobcats,EAST,27.33333333333333,5.2,217.53333333333333,78.8,11111110,2376000.0,53745468,1,14,0,0,8,0,12.0,12500,12.0
2025,CHO,Charlotte Hornets,EAST,25.5,3.4,210.72222222222223,78.7,35147000,5250000.0,153709214,1,16,0,0,8,0,,100000,10.3
2024,CHO,Charlotte Hornets,EAST,25.07692307692308,3.615384615384616,205.15384615384616,78.57692307692308,29682540,3191400.0,138530978,1,24,0,0,8,0,13.0,50000,10.0
2023,CHO,Charlotte Hornets,EAST,24.473684210526315,3.421052631578948,207.1578947368421,79.0,30075000,2372565.0,124541054,1,21,0,0,8,0,14.0,15000,9.5
2022,CHO,Charlotte Hornets,EAST,24.73684210526316,3.684210526315789,212.21052631578948,78.57894736842105,29925000,4154400.0,120048268,1,18,0,0,8,0,10.0,10000,9.428571428571429
2021,CHO,Charlotte Hornets,EAST,24.23529411764705,2.588235294117647,215.8823529411765,78.05882352941177,28500000,2875000.0,107134070,1,17,0,0,8,0,10.0,25000,9.333333333333334
2020,CHO,Charlotte Hornets,EAST,24.875,3.75,219.375,78.1875,25565217,2716067.5,122575891,1,17,0,0,8,0,9.0,200000,9.4
2019,CHO,Charlotte Hornets,EAST,25.764705882352946,5.0,215.8823529411765,77.82352941176471,24000000,3627842.0,122327044,0,17,0,0,8,0,9.0,50000,9.5
2018,CHO,Charlotte Hornets,EAST,25.47058823529412,4.0,220.58823529411765,78.82352941176471,23500000,2876040.0,117228164,1,15,0,0,8,0,10.0,50000,9.333333333333334
2017,CHO,Charlotte Hornets,EAST,25.789473684210527,4.421052631578948,221.8421052631579,79.3157894736842,20869566,2140829.5,90175926,1,17,0,0,8,0,11.0,55000,8.5
2016,CHO,Charlotte Hornets,EAST,25.88235294117647,4.352941176470588,220.35294117647047,78.47058823529412,13833333,3619278.0,77609865,0,16,0,0,8,0,6.0,35000,11.0
2015,CHO,Charlotte Hornets,EAST,26.058823529411764,4.470588235294118,224.1176470588236,77.58823529411765,13666667,3511045.5,75954458,0,18,0,0,36,0,11.0,8500,11.0
2025,CHI,Chicago Bulls,EAST,24.95238095238096,3.619047619047619,213.5,78.47619047619048,43031940,7000000.0,166079908,1,14,6,0,36,0,,50000,7.333333333333333
2024,CHI,Chicago Bulls,EAST,26.11111111111111,4.388888888888889,213.94444444444449,78.38888888888889,40064220,3350760.0,167689263,1,22,6,0,36,0,9.0,12500,7.235294117647059
2023,CHI,Chicago Bulls,EAST,26.666666666666668,5.277777777777778,213.0,78.05555555555556,37096500,1836090.0,149421485,1,22,6,0,36,0,10.0,4000,7.0625
2022,CHI,Chicago Bulls,EAST,25.09090909090909,3.636363636363636,213.27272727272728,78.27272727272727,26000000,1481552.0,135372441,0,24,6,0,36,0,6.0,6600,7.133333333333334
2021,CHI,Chicago Bulls,EAST,25.5,4.045454545454546,220.77272727272728,79.13636363636364,26000000,5572680.0,127968089,1,16,6,0,35,0,11.0,25000,6.857142857142857
2020,CHI,Chicago Bulls,EAST,24.176470588235293,2.647058823529412,219.23529411764707,79.0,27250576,3377569.0,115583743,1,18,6,0,35,0,11.0,42500,6.538461538461538
2019,CHI,Chicago Bulls,EAST,23.727272727272727,2.409090909090909,214.63636363636363,78.18181818181819,26011913,1991520.0,112898444,1,22,6,0,35,0,13.0,50000,6.0
2018,CHI,Chicago Bulls,EAST,24.52380952380953,2.4761904761904763,221.47619047619048,78.57142857142857,15550000,2186400.0,90133960,0,25,6,0,35,0,13.0,250000,5.363636363636363
2017,CHI,Chicago Bulls,EAST,25.77777777777778,3.7777777777777777,220.38888888888889,78.44444444444444,23200000,2092200.0,92571387,1,16,6,0,35,0,8.0,9000,5.1
2016,CHI,Chicago Bulls,EAST,27.375,5.0625,222.0,79.25,20093063,2380440.0,85385898,1,14,6,0,34,0,9.0,1600,4.666666666666667
2015,CHI,Chicago Bulls,EAST,28.071428571428573,5.857142857142857,219.5,79.07142857142857,18862875,2277960.0,81244225,1,16,6,0,34,0,3.0,700,4.875
2014,CHI,Chicago Bulls,EAST,27.7,5.6,216.65,78.65,17632688,4059000.0,85095835,1,12,6,0,33,0,3.0,1000,5.142857142857143
2013,CHI,Chicago Bulls,EAST,27.933333333333334,6.533333333333333,216.6,78.8,16402500,2056405.5,75627699,1,13,6,0,32,0,5.0,1200,5.166666666666667
2012,CHI,Chicago Bulls,EAST,28.0,5.5,216.3571428571429,78.57142857142857,13500000,4055000.0,69548447,0,14,6,0,31,0,1.0,550,6.0
2011,CHI,Chicago Bulls,EAST,27.466666666666665,5.066666666666666,221.7333333333333,79.0,14400000,3100000.0,54538076,2,11,6,0,30,0,1.0,1400,7.25
2010,CHI,Chicago Bulls,EAST,26.83333333333333,4.5,218.72222222222223,78.83333333333333,12250000,2455680.0,69700359,0,17,6,0,29,0,8.0,5000,7.0
2009,CHI,Chicago Bulls,EAST,26.42105263157895,4.789473684210527,216.1052631578948,79.15789473684211,11375000,4963400.0,68126774,0,14,6,0,28,0,7.0,3000,7.0
2008,CHI,Chicago Bulls,EAST,25.21052631578948,3.5789473684210527,219.68421052631567,79.15789473684211,12000084,2135400.0,63084166,0,17,6,0,24,0,11.0,1000,3.0
2025,CLE,Cleveland Cavaliers,EAST,25.75,4.2,208.26315789473685,77.95,36725670,8500000.0,161102772,2,11,1,0,24,0,,5000,7.0
2024,CLE,Cleveland Cavaliers,EAST,26.0,4.555555555555555,217.27777777777777,79.0,34005250,2229365.5,164211423,2,22,1,0,24,0,4.0,2500,7.176470588235294
2023,CLE,Cleveland Cavaliers,EAST,26.944444444444443,5.388888888888889,220.5,78.44444444444444,30913750,2000000.0,149251300,1,20,1,0,23,0,4.0,3000,7.375
2022,CLE,Cleveland Cavaliers,EAST,25.923076923076923,4.0,216.65384615384616,78.57692307692308,31258256,1782621.0,135568628,1,24,1,0,22,0,8.0,50000,7.333333333333333
2021,CLE,Cleveland Cavaliers,EAST,25.28,3.84,223.68,78.76,31258256,1620564.0,126527288,2,23,1,0,22,0,13.0,50000,6.928571428571429
2020,CLE,Cleveland Cavaliers,EAST,24.476190476190474,3.1904761904761907,221.8095238095238,78.0952380952381,28942830,2035800.0,131181714,2,21,1,0,22,0,15.0,150000,6.3076923076923075
2019,CLE,Cleveland Cavaliers,EAST,26.07407407407408,4.481481481481482,214.66666666666663,78.4074074074074,24119025,2393887.0,124623504,0,21,1,1,22,0,14.0,50000,5.666666666666667
2018,CLE,Cleveland Cavaliers,EAST,28.863636363636363,7.181818181818182,224.6818181818182,78.0909090909091,33285709,2116955.0,137912382,1,18,1,1,22,0,4.0,515,5.818181818181818
2017,CLE,Cleveland Cavaliers,EAST,30.047619047619047,8.380952380952381,227.0,79.38095238095238,30963450,2025829.5,127254579,1,17,1,1,21,0,2.0,385,6.2
2016,CLE,Cleveland Cavaliers,EAST,28.83333333333333,6.777777777777778,228.94444444444449,79.0,22971000,4950000.0,105962520,1,14,1,1,20,1,1.0,280,6.777777777777778
2015,CLE,Cleveland Cavaliers,EAST,27.95,6.45,229.9,79.15,20644400,2732000.0,82038768,1,14,0,0,19,0,2.0,275,7.375
2014,CLE,Cleveland Cavaliers,EAST,24.428571428571427,2.952380952380953,228.23809523809524,79.33333333333333,9036364,3978120.0,47560404,0,12,0,0,18,0,10.0,6600,7.0
2013,CLE,Cleveland Cavaliers,EAST,24.789473684210527,3.263157894736842,225.6315789473684,78.47368421052632,14850000,2225000.0,68428583,1,20,0,0,18,0,13.0,20000,6.0
2012,CLE,Cleveland Cavaliers,EAST,25.047619047619047,2.952380952380953,220.57142857142856,78.52380952380952,15076715,1795980.0,64875599,2,16,0,0,18,0,13.0,20000,4.6
2011,CLE,Cleveland Cavaliers,EAST,26.05263157894737,3.736842105263158,222.8421052631579,79.0,13358905,1020960.0,53990021,2,15,0,0,18,0,15.0,10000,2.0
2010,CLE,Cleveland Cavaliers,EAST,27.0,4.666666666666667,224.22222222222223,79.05555555555556,20000000,2644230.0,83398534,1,16,0,0,18,0,1.0,300,2.3333333333333335
2009,CLE,Cleveland Cavaliers,EAST,26.75,5.1875,224.9375,79.8125,14500000,4175000.0,91298233,0,16,0,0,17,0,1.0,1000,3.0
2008,CLE,Cleveland Cavaliers,EAST,27.60869565217392,5.3478260869565215,222.0,79.47826086956522,15500000,4250000.0,82217583,0,15,0,0,16,0,4.0,600,2.0
2025,DAL,Dallas Mavericks,WEST,26.571428571428573,5.0,216.26315789473685,79.14285714285714,43031940,4655621.0,175208588,2,14,1,0,25,0,,1000,7.111111111111111
2024,DAL,Dallas Mavericks,WEST,26.0,4.727272727272728,215.5,78.5909090909091,40064220,2541022.0,163631110,2,20,1,0,25,0,5.0,2500,7.235294117647059
2023,DAL,Dallas Mavericks,WEST,28.0,5.913043478260869,211.5217391304348,77.73913043478261,38917057,1936204.0,173241988,2,20,1,0,24,0,11.0,2500,7.0
2022,DAL,Dallas Mavericks,WEST,26.48148148148148,4.25925925925926,217.92592592592592,78.5925925925926,21306816,2957520.0,123647313,0,25,1,0,24,0,4.0,3000,7.2
2021,DAL,Dallas Mavericks,WEST,26.473684210526315,4.157894736842105,217.68421052631567,78.94736842105263,29467800,3948718.0,125665404,1,17,1,0,23,0,5.0,2500,7.357142857142857
2020,DAL,Dallas Mavericks,WEST,26.84210526315789,4.157894736842105,216.8947368421053,78.36842105263158,27285000,3280920.0,122798302,1,20,1,0,22,0,7.0,10500,7.384615384615385
2019,DAL,Dallas Mavericks,WEST,27.142857142857142,4.904761904761905,215.23809523809524,78.42857142857143,17325000,1946605.5,88351669,0,22,1,0,21,0,14.0,35000,6.833333333333333
2018,DAL,Dallas Mavericks,WEST,26.52173913043478,3.739130434782609,217.5217391304348,78.8695652173913,23112004,1391996.5,86136236,2,22,1,0,21,0,13.0,50000,6.2727272727272725
2017,DAL,Dallas Mavericks,WEST,26.75,3.8333333333333335,213.04166666666663,78.04166666666667,25000000,680937.0,103974075,2,23,1,0,21,0,11.0,39000,5.8
2016,DAL,Dallas Mavericks,WEST,29.125,7.1875,225.125,79.3125,16400000,1499187.0,74040317,2,19,1,0,21,0,6.0,12000,5.777777777777778
2015,DAL,Dallas Mavericks,WEST,28.526315789473685,7.263157894736842,217.6315789473684,78.73684210526316,14700000,1310286.0,83970065,0,21,1,0,20,0,7.0,2500,5.625
2014,DAL,Dallas Mavericks,WEST,28.133333333333333,6.333333333333333,215.53333333333333,78.06666666666666,22721381,2652000.0,68030257,1,14,1,1,19,0,8.0,4000,5.285714285714286
2013,DAL,Dallas Mavericks,WEST,28.52173913043478,6.217391304347826,218.17391304347825,77.56521739130434,20907128,1688530.0,67399169,1,19,1,1,18,0,10.0,3300,4.5
2012,DAL,Dallas Mavericks,WEST,29.375,7.9375,221.25,79.3125,19092873,3000000.0,74463409,1,12,1,1,18,0,8.0,850,3.8
2011,DAL,Dallas Mavericks,WEST,28.444444444444443,7.277777777777778,220.88888888888889,79.38888888888889,17278618,2983393.0,85409890,1,15,1,1,17,1,3.0,2000,4.0
2010,DAL,Dallas Mavericks,WEST,29.33333333333333,7.722222222222222,220.22222222222223,78.77777777777777,19795714,5350000.0,88916075,1,13,0,0,16,0,2.0,2500,4.666666666666667
2009,DAL,Dallas Mavericks,WEST,27.625,6.3125,224.125,79.25,21372000,1800000.0,95045559,1,16,0,0,15,0,6.0,2000,4.0
2008,DAL,Dallas Mavericks,WEST,28.15,6.7,221.45,78.75,19728000,2099555.5,101694879,0,16,0,0,14,0,7.0,450,1.0
2025,DEN,Denver Nuggets,WEST,25.714285714285715,4.047619047619048,226.07142857142856,79.28571428571429,51415938,3089640.0,177183025,3,10,1,1,32,0,,750,5.833333333333333
2024,DEN,Denver Nuggets,WEST,26.294117647058822,4.882352941176471,221.23529411764707,79.11764705882354,47607350,2367300.0,177890198,1,17,1,1,32,0,2.0,450,6.0588235294117645
2023,DEN,Denver Nuggets,WEST,26.666666666666668,5.611111111111111,221.61111111111111,78.55555555555556,33047803,2808600.0,159119037,1,16,1,1,31,1,1.0,1800,6.375
2022,DEN,Denver Nuggets,WEST,26.363636363636363,4.2727272727272725,214.5,77.9090909090909,30510423,2498760.0,136777556,2,19,0,0,30,0,6.0,2200,6.4
2021,DEN,Denver Nuggets,WEST,25.363636363636363,3.863636363636364,218.22727272727272,78.5,29542010,2379840.0,128479406,2,17,0,0,29,0,3.0,1800,6.642857142857143
2020,DEN,Denver Nuggets,WEST,24.666666666666668,3.380952380952381,220.42857142857144,79.23809523809524,30500000,2282376.5,130043323,2,16,0,0,28,0,3.0,2000,6.923076923076923
2019,DEN,Denver Nuggets,WEST,24.88888888888889,3.333333333333333,217.16666666666663,78.22222222222223,29230769,2029463.0,117304721,2,17,0,0,27,0,2.0,20000,7.333333333333333
2018,DEN,Denver Nuggets,WEST,25.77777777777778,4.666666666666667,220.72222222222223,78.66666666666667,31269231,2952687.5,107015203,1,17,0,0,26,0,9.0,20000,7.181818181818182
2017,DEN,Denver Nuggets,WEST,25.36842105263158,4.578947368421052,230.57894736842104,79.52631578947368,15050000,2200000.0,82573997,0,23,0,0,26,0,9.0,50000,7.0
2016,DEN,Denver Nuggets,WEST,25.42105263157895,3.947368421052632,218.42105263157896,78.47368421052632,14000000,1775860.0,72606354,0,22,0,0,26,0,11.0,30000,6.555555555555555
2015,DEN,Denver Nuggets,WEST,25.75,4.2,218.75,78.2,11595506,1762680.0,56278056,1,18,0,0,26,0,12.0,12500,5.875
2014,DEN,Denver Nuggets,WEST,25.875,4.625,219.125,78.5625,10786517,3231683.0,67324401,0,15,0,0,26,0,11.0,3300,5.142857142857143
2013,DEN,Denver Nuggets,WEST,24.6,3.6666666666666665,220.9333333333333,79.86666666666666,14968250,3070214.5,68566062,1,15,0,0,26,0,3.0,5000,5.5
2012,DEN,Denver Nuggets,WEST,25.705882352941178,4.235294117647059,224.35294117647047,79.88235294117646,13000000,3059000.0,58553173,1,14,0,0,25,0,6.0,6600,5.4
2011,DEN,Denver Nuggets,WEST,27.21052631578948,5.578947368421052,228.94736842105263,79.26315789473684,16545454,3435828.0,68019290,1,13,0,0,24,0,5.0,2500,5.5
2010,DEN,Denver Nuggets,WEST,27.53846153846154,5.923076923076923,224.92307692307693,78.76923076923077,15779912,2556208.5,74935538,2,12,0,0,23,0,5.0,1500,5.666666666666667
2009,DEN,Denver Nuggets,WEST,27.88235294117647,6.176470588235294,218.1764705882353,78.52941176470588,14431816,1939893.0,70121003,2,13,0,0,22,0,3.0,5000,7.0
2008,DEN,Denver Nuggets,WEST,26.94117647058824,5.176470588235294,214.35294117647047,77.82352941176471,19012500,2567033.5,82958227,1,15,0,0,21,0,8.0,1500,6.0
2025,DET,Detroit Pistons,EAST,24.444444444444443,3.055555555555556,209.4,78.55555555555556,25365854,7850120.0,129091348,0,14,3,0,34,0,,100000,10.277777777777779
2024,DET,Detroit Pistons,EAST,25.806451612903224,4.387096774193548,215.6129032258065,78.58064516129032,19928571,4000000.0,136207675,0,25,3,0,34,0,15.0,50000,10.0
2023,DET,Detroit Pistons,EAST,24.27272727272728,3.136363636363636,217.54545454545453,78.68181818181819,19550000,4124280.0,126605293,0,25,3,0,34,0,15.0,50000,9.6875
2022,DET,Detroit Pistons,EAST,24.11111111111111,2.4074074074074074,212.5185185185185,77.96296296296296,29764126,2824320.0,128999275,1,24,3,0,34,0,14.0,50000,9.4
2021,DET,Detroit Pistons,EAST,24.714285714285715,3.9047619047619047,215.3809523809524,77.95238095238095,32670565,2993873.5,115007448,1,19,3,0,34,0,15.0,50000,9.0
2020,DET,Detroit Pistons,EAST,25.454545454545453,3.954545454545455,210.8636363636364,77.54545454545455,34234964,2241808.0,131024108,1,22,3,0,34,0,13.0,25000,8.692307692307692
2019,DET,Detroit Pistons,EAST,26.35,4.75,217.25,77.75,32088932,2799720.0,125244035,2,17,3,0,34,0,8.0,35000,8.75
2018,DET,Detroit Pistons,EAST,26.27272727272728,4.045454545454546,217.8636363636364,78.04545454545455,29727900,2759280.0,118897722,1,20,3,0,33,0,9.0,63000,8.727272727272727
2017,DET,Detroit Pistons,EAST,25.4,3.6666666666666665,225.66666666666663,79.2,22116750,3678319.0,108968495,1,18,3,0,33,0,10.0,14000,8.6
2016,DET,Detroit Pistons,EAST,25.88235294117647,4.117647058823529,221.1176470588236,78.52941176470588,16000000,2500000.0,76638790,1,20,3,0,33,0,8.0,25000,8.666666666666666
2015,DET,Detroit Pistons,EAST,27.0,5.0,218.95,78.5,14000000,2886240.0,66738182,1,15,3,0,32,0,12.0,25000,8.25
2014,DET,Detroit Pistons,EAST,25.53333333333333,3.933333333333333,222.7333333333333,78.66666666666667,13500000,2790343.0,59657073,1,12,3,0,32,0,11.0,12500,7.857142857142857
2013,DET,Detroit Pistons,EAST,25.8125,3.875,225.25,79.4375,11046591,3233840.0,63057497,0,14,3,0,32,0,11.0,20000,7.333333333333333
2012,DET,Detroit Pistons,EAST,26.928571428571427,4.428571428571429,218.5,78.71428571428571,12500000,3250000.0,70923605,0,15,3,0,32,0,10.0,20000,6.8
2011,DET,Detroit Pistons,EAST,27.07692307692308,6.0,220.7692307692308,79.53846153846153,12500000,2798040.0,65517821,0,15,3,0,32,0,11.0,10000,5.75
2010,DET,Detroit Pistons,EAST,26.714285714285715,5.142857142857143,218.28571428571428,79.07142857142857,11625000,1805040.0,60185833,0,15,3,0,32,0,12.0,3300,3.6666666666666665
2009,DET,Detroit Pistons,EAST,27.266666666666666,5.466666666666667,215.9333333333333,78.53333333333333,20840625,2000000.0,71434174,1,12,3,0,32,0,8.0,1000,1.5
2008,DET,Detroit Pistons,EAST,27.84210526315789,5.789473684210527,215.0,79.52631578947368,12540000,2097000.0,65898875,0,16,3,0,31,0,2.0,1200,1.0
2025,GSW,Golden State Warriors,WEST,26.714285714285715,4.761904761904762,213.0,78.23809523809524,55761216,8390244.0,176598341,1,13,5,1,20,0,,3000,6.888888888888889
2024,GSW,Golden State Warriors,WEST,27.166666666666668,5.833333333333333,207.5555555555556,77.55555555555556,51915615,3352440.0,206814776,2,17,5,1,20,0,10.0,1200,6.705882352941177
2023,GSW,Golden State Warriors,WEST,26.166666666666668,5.222222222222222,209.0555555555556,78.05555555555556,48070014,2226000.0,189502439,2,19,5,1,20,0,6.0,600,6.75
2022,GSW,Golden State Warriors,WEST,27.352941176470587,5.352941176470588,204.64705882352945,77.29411764705883,45780966,2389641.0,178338220,2,17,5,1,19,1,3.0,900,7.0
2021,GSW,Golden State Warriors,WEST,25.444444444444443,3.555555555555556,210.27777777777777,77.83333333333333,43006362,1691680.0,169342796,2,16,4,1,18,0,8.0,2500,6.928571428571429
2020,GSW,Golden State Warriors,WEST,24.545454545454547,2.772727272727273,213.04545454545453,77.81818181818181,40231758,870318.5,131527930,3,15,4,2,18,0,15.0,950,6.3076923076923075
2019,GSW,Golden State Warriors,WEST,27.294117647058822,5.823529411764706,222.64705882352945,79.17647058823529,37457154,1605623.5,146186409,2,16,4,2,18,0,1.0,-168,6.75
2018,GSW,Golden State Warriors,WEST,27.764705882352946,6.705882352941177,220.35294117647047,79.70588235294117,34682550,1471382.0,135371746,1,17,4,3,17,1,2.0,-187,7.181818181818182
2017,GSW,Golden State Warriors,WEST,27.705882352941178,6.705882352941177,222.58823529411765,79.58823529411765,26540100,1171560.0,101725589,1,22,3,2,16,1,1.0,-128,7.8
2016,GSW,Golden State Warriors,WEST,27.25,6.0,224.75,79.5,15500000,3844199.0,93707197,0,16,2,1,15,0,1.0,480,8.555555555555555
2015,GSW,Golden State Warriors,WEST,26.6,5.0,223.46666666666667,79.6,15012000,1145685.0,73623654,1,18,2,1,14,1,1.0,2800,9.5
2014,GSW,Golden State Warriors,WEST,26.22222222222222,4.444444444444445,218.66666666666663,79.05555555555556,14000000,2317920.0,66764126,2,11,1,0,13,0,6.0,2500,10.0
2013,GSW,Golden State Warriors,WEST,25.166666666666668,3.388888888888889,228.38888888888889,79.11111111111111,13000000,4000000.0,69695346,0,13,1,0,12,0,6.0,15000,10.666666666666666
2012,GSW,Golden State Warriors,WEST,25.7,4.0,222.95,79.3,11610000,2956658.0,61576901,0,17,1,0,33,0,13.0,12500,10.2
2011,GSW,Golden State Warriors,WEST,25.764705882352946,3.7058823529411766,216.0,79.11764705882354,11968253,3065040.0,68415336,0,15,1,0,33,0,12.0,15000,9.75
2010,GSW,Golden State Warriors,WEST,26.25,4.1,214.8,78.8,11000000,2671440.0,65352372,0,19,1,0,33,0,13.0,12500,8.666666666666666
2009,GSW,Golden State Warriors,WEST,24.23529411764705,3.117647058823529,213.64705882352945,78.76470588235294,11000000,2103300.0,67416431,0,18,1,0,33,0,10.0,10000,8.0
2008,GSW,Golden State Warriors,WEST,25.5,4.222222222222222,219.88888888888889,79.5,16440000,1800000.0,62148303,1,18,1,0,33,0,9.0,2000,7.0
2025,HOU,Houston Rockets,WEST,25.5,3.888888888888889,220.66666666666663,78.66666666666667,42846615,9249960.0,165026987,1,14,2,0,33,0,,10000,7.111111111111111
2024,HOU,Houston Rockets,WEST,25.823529411764707,3.823529411764706,221.05882352941177,78.82352941176471,40806300,3531720.0,153204959,1,21,2,0,33,0,11.0,25000,6.882352941176471
2023,HOU,Houston Rockets,WEST,23.61111111111111,2.555555555555556,221.0,78.72222222222223,40866760,3359160.0,136542494,1,24,2,0,33,0,14.0,50000,6.4375
2022,HOU,Houston Rockets,WEST,24.42105263157895,3.263157894736842,212.0,77.26315789473684,44310840,2000000.0,129096006,1,24,2,0,33,0,15.0,50000,5.866666666666666
2021,HOU,Houston Rockets,WEST,25.83333333333333,4.266666666666667,217.8333333333333,77.76666666666667,41254920,1620564.0,128087962,1,24,2,0,33,0,15.0,5000,5.214285714285714
2020,HOU,Houston Rockets,WEST,28.761904761904763,7.047619047619048,218.7619047619048,78.23809523809524,38506482,1416852.0,131293343,2,21,2,0,33,0,4.0,700,5.3076923076923075
2019,HOU,Houston Rockets,WEST,27.26086956521739,5.695652173913044,218.0434782608696,78.34782608695652,35654150,838464.0,124810135,2,19,2,0,32,0,3.0,1000,5.5
2018,HOU,Houston Rockets,WEST,27.875,5.791666666666667,212.7083333333333,78.0,28299399,1230186.0,118271480,2,23,2,0,31,0,1.0,2150,5.909090909090909
2017,HOU,Houston Rockets,WEST,25.944444444444443,4.611111111111111,213.22222222222223,78.44444444444444,26540100,1398120.0,90498298,2,16,2,0,30,0,3.0,16000,6.2
2016,HOU,Houston Rockets,WEST,26.88888888888889,5.833333333333333,218.88888888888889,78.61111111111111,22359364,1967302.5,90188412,1,17,2,0,29,0,8.0,1500,6.0
2015,HOU,Houston Rockets,WEST,26.6,4.05,215.55,78.5,21436271,1551300.0,87299371,1,21,2,0,28,0,2.0,2200,6.5
2014,HOU,Houston Rockets,WEST,25.166666666666668,3.2222222222222223,218.3333333333333,78.77777777777777,20513178,1186459.0,63983641,2,15,2,0,27,0,5.0,1200,6.714285714285714
2013,HOU,Houston Rockets,WEST,24.15,2.1,220.4,78.85,8374646,1453520.0,57323787,0,23,2,0,26,0,7.0,6600,6.666666666666667
2012,HOU,Houston Rockets,WEST,25.73684210526316,3.684210526315789,217.1052631578948,78.26315789473684,11519840,2297066.5,57021755,1,15,2,0,25,0,9.0,6600,6.2
2011,HOU,Houston Rockets,WEST,25.8,3.45,222.35,79.05,17686100,2669520.0,72315654,1,14,2,0,25,0,9.0,4000,5.5
2010,HOU,Houston Rockets,WEST,25.904761904761905,3.0476190476190474,222.1428571428572,79.04761904761905,16378325,2300000.0,68914971,1,18,2,0,25,0,9.0,4000,4.333333333333333
2009,HOU,Houston Rockets,WEST,28.11764705882353,5.411764705882353,222.52941176470588,79.0,20370437,1962378.0,73302272,2,15,2,0,25,0,5.0,1200,4.0
2008,HOU,Houston Rockets,WEST,27.285714285714285,4.523809523809524,218.47619047619048,78.95238095238095,19014187,2050000.0,69894114,1,17,2,0,24,0,4.0,1000,4.0
2025,IND,Indiana Pacers,EAST,25.05263157894737,3.736842105263158,213.0625,79.10526315789474,42176400,5398950.5,166475639,2,14,3,0,37,0,,5000,7.111111111111111
2024,IND,Indiana Pacers,EAST,25.5,3.863636363636364,214.77272727272728,78.68181818181819,37893408,2696280.0,145587839,1,24,3,0,37,0,6.0,25000,7.176470588235294
2023,IND,Indiana Pacers,EAST,25.4,3.55,212.1,78.5,35069500,2573760.0,122145349,1,24,3,0,36,0,11.0,50000,6.9375
2022,IND,Indiana Pacers,EAST,25.821428571428573,3.2142857142857144,212.5,77.82142857142857,22477273,2245400.0,135200909,0,25,3,0,36,0,13.0,10000,6.533333333333333
2021,IND,Indiana Pacers,EAST,25.25,3.55,210.6,77.95,20700000,2651580.0,127861935,0,20,3,0,36,0,9.0,10000,6.357142857142857
2020,IND,Indiana Pacers,EAST,24.823529411764707,3.235294117647059,212.58823529411765,78.0,21000000,3158380.0,114208526,0,18,3,0,36,0,4.0,5000,6.538461538461538
2019,IND,Indiana Pacers,EAST,25.47058823529412,4.294117647058823,219.23529411764707,78.05882352941177,21000000,2407560.0,110804431,0,23,3,0,35,0,5.0,12500,6.666666666666667
2018,IND,Indiana Pacers,EAST,25.68421052631579,4.0,223.68421052631567,78.57894736842105,21000000,1524305.0,93669385,1,22,3,0,34,0,5.0,125000,6.818181818181818
2017,IND,Indiana Pacers,EAST,26.75,5.9375,226.375,78.375,18314532,2463840.0,94008504,0,21,3,0,33,0,7.0,8000,6.8
2016,IND,Indiana Pacers,EAST,25.875,4.5625,222.625,78.6875,17120106,3700000.0,71286088,1,16,3,0,32,0,7.0,9000,6.777777777777778
2015,IND,Indiana Pacers,EAST,27.75,4.8125,226.5,79.375,15925680,3135000.0,75174324,1,14,3,0,31,0,8.0,8000,6.625
2014,IND,Indiana Pacers,EAST,27.11764705882353,4.529411764705882,231.0,79.58823529411765,14283844,3141001.5,55015196,2,10,3,0,31,0,1.0,1400,7.428571428571429
2013,IND,Indiana Pacers,EAST,25.75,3.375,227.0,79.375,13686750,2814689.5,66687960,1,15,3,0,30,0,3.0,3300,8.166666666666666
2012,IND,Indiana Pacers,EAST,26.53333333333333,4.4,225.9333333333333,79.46666666666667,12015904,2404620.0,51554083,1,13,3,0,29,0,3.0,6600,9.2
2011,IND,Indiana Pacers,EAST,26.0,4.133333333333334,220.6,79.2,10973202,2153704.5,65088630,0,16,3,0,28,0,8.0,15000,9.5
2010,IND,Indiana Pacers,EAST,26.4,4.2,217.9333333333333,78.8,11047619,2217080.0,66733257,0,16,3,0,15,0,10.0,10000,9.333333333333334
2009,IND,Indiana Pacers,EAST,26.571428571428573,4.071428571428571,220.07142857142856,79.64285714285714,10126984,2301332.5,69668818,0,16,3,0,15,0,9.0,10000,9.5
2008,IND,Indiana Pacers,EAST,26.125,3.875,221.8125,79.5,19728000,1734316.0,66260246,1,14,3,0,15,0,9.0,4000,10.0
2025,LAC,Los Angeles Clippers,WEST,27.15,5.95,216.4705882352941,78.1,49205800,4668000.0,170238451,1,14,0,0,15,0,,3000,6.944444444444445
2024,LAC,Los Angeles Clippers,WEST,28.38095238095238,6.714285714285714,214.8095238095238,78.52380952380952,45640084,3039993.5,200060815,2,18,0,0,15,0,4.0,2200,7.117647058823529
2023,LAC,Los Angeles Clippers,WEST,28.23809523809524,6.857142857142857,211.42857142857144,78.28571428571429,42492492,2798291.0,191189228,2,18,0,0,14,0,5.0,700,7.25
2022,LAC,Los Angeles Clippers,WEST,26.782608695652176,5.391304347826087,215.17391304347825,78.6086956521739,39344970,1789256.0,166832670,2,19,0,0,13,0,8.0,1600,7.2
2021,LAC,Los Angeles Clippers,WEST,27.6,6.5,218.25,78.3,35450412,2349134.0,137405304,2,16,0,0,13,0,4.0,650,7.428571428571429
2020,LAC,Los Angeles Clippers,WEST,26.65,5.1,214.85,78.15,33005556,2331593.0,134125011,2,17,0,0,12,0,2.0,425,7.846153846153846
2019,LAC,Los Angeles Clippers,WEST,27.09090909090909,4.727272727272728,216.9090909090909,78.95454545454545,21587579,3375360.0,118370702,0,25,0,0,11,0,8.0,40000,7.833333333333333
2018,LAC,Los Angeles Clippers,WEST,26.476190476190474,3.7142857142857135,218.7619047619048,78.57142857142857,22642350,1632991.0,119178226,0,22,0,0,10,0,10.0,19000,7.636363636363637
2017,LAC,Los Angeles Clippers,WEST,29.53333333333333,8.266666666666667,224.66666666666663,78.66666666666667,22868827,1877329.5,116237541,0,18,0,0,10,0,4.0,3500,8.0
2016,LAC,Los Angeles Clippers,WEST,28.83333333333333,6.388888888888889,222.77777777777777,78.72222222222223,21468696,1215322.0,95585714,2,16,0,0,9,0,4.0,1200,8.444444444444445
2015,LAC,Los Angeles Clippers,WEST,27.95,6.3,214.5,77.9,20068563,1448490.0,80901123,2,17,0,0,8,0,3.0,900,9.125
2014,LAC,Los Angeles Clippers,WEST,28.45,7.1,219.5,78.65,18668431,3250000.0,73103861,2,11,0,0,7,0,3.0,1400,10.0
2013,LAC,Los Angeles Clippers,WEST,29.0,7.733333333333333,220.6,78.46666666666667,17779458,2987500.0,74354449,1,15,0,0,6,0,5.0,2200,10.833333333333334
2012,LAC,Los Angeles Clippers,WEST,27.22222222222222,5.5,221.8333333333333,77.88888888888889,16359805,2000032.0,67333389,1,16,0,0,5,0,5.0,2000,12.0
2011,LAC,Los Angeles Clippers,WEST,26.23529411764705,4.294117647058823,230.05882352941177,78.6470588235294,11800000,2481660.0,53225329,1,15,0,0,53,0,13.0,10000,11.75
2010,LAC,Los Angeles Clippers,WEST,27.0,5.368421052631579,217.42105263157896,78.63157894736842,12150000,2659940.0,61616409,0,18,0,0,53,0,12.0,15000,11.666666666666666
2009,LAC,Los Angeles Clippers,WEST,26.789473684210527,5.052631578947368,222.05263157894737,79.36842105263158,14666667,1262275.0,62764206,1,18,0,0,53,0,14.0,8000,10.5
2008,LAC,Los Angeles Clippers,WEST,27.65,5.3,214.2,77.85,15344000,1652280.0,64847945,1,16,0,0,53,0,12.0,5000,9.0
2025,LAL,Los Angeles Lakers,WEST,25.7,4.4,216.94117647058823,79.4,48728845,8928571.5,187028846,2,12,12,0,53,0,,3000,7.555555555555555
2024,LAL,Los Angeles Lakers,WEST,25.61904761904762,4.523809523809524,214.52380952380952,79.04761904761905,47607350,2165000.0,168113984,2,19,12,0,53,0,8.0,1500,7.529411764705882
2023,LAL,Los Angeles Lakers,WEST,26.692307692307693,5.346153846153846,212.03846153846155,78.11538461538461,44474988,1857405.0,167412786,2,18,12,1,52,0,7.0,1800,7.5625
2022,LAL,Los Angeles Lakers,WEST,29.04,8.12,212.88,77.24,44211146,2401537.0,163495811,3,22,12,1,51,0,11.0,400,7.333333333333333
2021,LAL,Los Angeles Lakers,WEST,27.894736842105264,6.578947368421052,224.7894736842105,78.89473684210526,39219566,1797183.0,136923741,2,19,12,1,51,0,7.0,275,7.357142857142857
2020,LAL,Los Angeles Lakers,WEST,28.05,7.15,220.3,78.25,37436858,2564753.0,125433839,2,21,12,1,50,1,1.0,450,7.846153846153846
2019,LAL,Los Angeles Lakers,WEST,25.863636363636363,4.409090909090909,214.45454545454547,79.18181818181819,35654150,2393887.0,107275731,1,19,11,0,49,0,10.0,1800,7.666666666666667
2018,LAL,Los Angeles Lakers,WEST,25.45833333333333,3.6666666666666665,220.25,79.0,22642350,1353565.5,102260522,1,23,11,0,49,0,11.0,30000,7.363636363636363
2017,LAL,Los Angeles Lakers,WEST,26.61111111111111,4.944444444444445,219.72222222222223,78.77777777777777,18000000,3267120.0,95226183,0,19,11,0,49,0,14.0,39000,6.7
2016,LAL,Los Angeles Lakers,WEST,27.0,5.133333333333334,227.9333333333333,79.2,25000000,1327393.5,72415125,2,16,11,0,49,0,15.0,20000,5.777777777777778
2015,LAL,Los Angeles Lakers,WEST,25.88888888888889,4.277777777777778,220.22222222222223,78.5,23500000,1199404.5,70914495,1,17,11,0,49,0,14.0,10000,4.75
2014,LAL,Los Angeles Lakers,WEST,27.21052631578948,5.473684210526316,216.21052631578948,78.84210526315789,30453805,1550000.0,77245789,2,11,11,0,49,0,14.0,2500,3.4285714285714284
2013,LAL,Los Angeles Lakers,WEST,28.125,6.75,220.125,78.5625,27849149,3500000.0,100451593,1,14,11,1,49,0,8.0,275,2.6666666666666665
2012,LAL,Los Angeles Lakers,WEST,27.705882352941178,6.588235294117647,222.23529411764707,79.0,25244493,2453100.0,88264478,2,14,11,2,48,0,3.0,450,2.6
2011,LAL,Los Angeles Lakers,WEST,29.0625,7.875,226.125,79.5,24806250,3850000.0,91428140,1,13,11,2,47,0,2.0,250,2.75
2010,LAL,Los Angeles Lakers,WEST,27.53846153846154,6.615384615384615,224.3846153846154,79.53846153846153,23034375,5024000.0,92378064,1,13,11,2,46,1,1.0,225,3.3333333333333335
2009,LAL,Los Angeles Lakers,WEST,26.1875,5.125,223.0625,80.125,21262500,3100000.0,79245793,1,14,10,1,45,1,1.0,350,4.5
2008,LAL,Los Angeles Lakers,WEST,25.94736842105263,4.578947368421052,228.26315789473685,80.0,19490625,2500000.0,73626796,1,14,9,0,44,0,1.0,3000,8.0
2025,MEM,Memphis Grizzlies,WEST,25.05,3.15,213.26666666666668,78.9,36725670,4858705.5,177014145,1,15,0,0,13,0,,4000,8.5
2024,MEM,Memphis Grizzlies,WEST,24.96969696969697,3.060606060606061,214.939393939394,77.93939393939394,34005250,2400000.0,160019663,1,24,0,0,13,0,13.0,2200,8.235294117647058
2023,MEM,Memphis Grizzlies,WEST,24.05263157894737,3.0526315789473686,218.31578947368425,77.63157894736842,28946605,2444320.0,126788905,1,19,0,0,13,0,2.0,2000,8.625
2022,MEM,Memphis Grizzlies,WEST,23.60869565217392,2.0434782608695654,215.2608695652174,78.26086956521739,17073171,2692991.0,115523049,0,25,0,0,12,0,2.0,10000,9.066666666666666
2021,MEM,Memphis Grizzlies,WEST,24.11111111111111,2.7222222222222223,217.44444444444449,78.27777777777777,16587688,2676460.0,130193477,0,22,0,0,11,0,9.0,15000,9.071428571428571
2020,MEM,Memphis Grizzlies,WEST,24.80952380952381,3.0,218.8571428571429,78.66666666666667,16229213,2478840.0,128723064,0,25,0,0,10,0,9.0,100000,9.076923076923077
2019,MEM,Memphis Grizzlies,WEST,26.75,4.571428571428571,214.53571428571428,78.78571428571429,30521116,1378242.0,124877079,1,23,0,0,10,0,12.0,65000,8.833333333333334
2018,MEM,Memphis Grizzlies,WEST,25.33333333333333,3.0416666666666665,211.54166666666663,78.41666666666667,28530608,1312611.0,110735427,3,22,0,0,10,0,14.0,37000,8.363636363636363
2017,MEM,Memphis Grizzlies,WEST,27.058823529411764,5.294117647058823,219.23529411764707,78.58823529411765,26540100,1417154.5,111209189,1,21,0,0,10,0,7.0,8800,8.5
2016,MEM,Memphis Grizzlies,WEST,27.714285714285715,5.535714285714286,214.17857142857144,77.78571428571429,19700000,1201440.0,83200551,1,24,0,0,9,0,7.0,3300,8.666666666666666
2015,MEM,Memphis Grizzlies,WEST,27.473684210526315,5.631578947368421,219.4736842105264,78.42105263157895,16500000,1710560.0,75341226,2,16,0,0,8,0,5.0,5500,9.125
2014,MEM,Memphis Grizzlies,WEST,26.72222222222222,5.222222222222222,215.72222222222223,78.27777777777777,17800000,3135000.0,74324859,1,14,0,0,7,0,7.0,2800,9.428571428571429
2013,MEM,Memphis Grizzlies,WEST,25.4,4.25,225.0,79.3,16500000,2979038.5,62954838,2,12,0,0,6,0,4.0,3300,10.333333333333334
2012,MEM,Memphis Grizzlies,WEST,26.352941176470587,4.176470588235294,224.41176470588235,78.47058823529412,15200000,2000000.0,70940349,2,15,0,0,5,0,4.0,2500,11.6
2011,MEM,Memphis Grizzlies,WEST,25.21052631578948,3.3684210526315788,221.1578947368421,78.63157894736842,17666666,2020200.0,70241344,1,16,0,0,4,0,7.0,10000,12.75
2010,MEM,Memphis Grizzlies,WEST,24.88235294117647,2.9411764705882355,218.05882352941177,79.05882352941177,16000000,2000000.0,57287474,1,18,0,0,25,0,10.0,15000,13.666666666666666
2009,MEM,Memphis Grizzlies,WEST,24.73333333333333,3.333333333333333,220.46666666666667,79.26666666666667,8854475,2500000.0,55958148,0,19,0,0,25,0,12.0,25000,14.5
2008,MEM,Memphis Grizzlies,WEST,25.105263157894736,3.473684210526316,217.8421052631579,78.78947368421052,9075000,1285200.0,54118526,0,19,0,0,25,0,14.0,20000,15.0
2025,MIA,Miami Heat,EAST,26.7,5.05,218.75,78.0,48798677,4655040.0,184058374,1,12,3,0,25,0,,4000,5.666666666666667
2024,MIA,Miami Heat,EAST,27.38095238095238,5.666666666666667,211.3333333333333,78.0,45183960,2352000.0,174695832,1,20,3,0,25,0,8.0,1600,5.529411764705882
2023,MIA,Miami Heat,EAST,27.7,5.55,219.6,78.8,37653300,1815677.0,149093861,2,20,3,0,24,0,7.0,1600,5.4375
2022,MIA,Miami Heat,EAST,27.454545454545453,4.909090909090909,217.63636363636363,78.0,36016200,1669178.0,139811953,2,23,3,0,23,0,1.0,2500,5.733333333333333
2021,MIA,Miami Heat,EAST,28.047619047619047,6.333333333333333,219.8095238095238,78.95238095238095,34379100,2582160.0,132331277,1,18,3,0,22,0,6.0,1800,5.714285714285714
2020,MIA,Miami Heat,EAST,26.52380952380953,4.9523809523809526,220.0952380952381,78.47619047619048,32742000,3009416.5,133841791,1,19,3,0,21,0,5.0,6000,5.769230769230769
2019,MIA,Miami Heat,EAST,27.27777777777778,5.555555555555555,222.5,78.55555555555556,26837720,2955840.0,151716389,0,19,3,0,20,0,10.0,35000,5.416666666666667
2018,MIA,Miami Heat,EAST,26.36842105263158,4.526315789473684,218.6315789473684,78.05263157894737,25289390,2232259.5,129458084,0,20,3,0,20,0,6.0,24000,5.363636363636363
2017,MIA,Miami Heat,EAST,26.6,4.533333333333333,219.66666666666663,78.73333333333333,23741060,2745720.0,101818405,2,18,3,0,19,0,9.0,17500,5.0
2016,MIA,Miami Heat,EAST,28.5,7.25,220.4,78.8,22192730,1834826.0,85826352,2,14,3,1,19,0,3.0,4000,5.222222222222222
2015,MIA,Miami Heat,EAST,27.428571428571427,5.380952380952381,218.57142857142856,78.66666666666667,20644400,2732000.0,82351805,1,16,3,2,18,0,10.0,4500,4.625
2014,MIA,Miami Heat,EAST,29.83333333333333,7.777777777777778,222.3333333333333,79.33333333333333,19067500,3249525.0,82218984,3,11,3,2,18,0,2.0,200,5.0
2013,MIA,Miami Heat,EAST,29.72222222222222,7.777777777777778,228.5555555555556,79.66666666666667,17545000,3112500.0,81558311,3,13,3,2,17,1,1.0,225,5.666666666666667
2012,MIA,Miami Heat,EAST,28.3125,6.3125,231.75,79.9375,16022500,3000000.0,74117458,3,12,2,1,16,1,2.0,225,6.4
2011,MIA,Miami Heat,EAST,30.23529411764705,8.647058823529411,230.05882352941177,79.41176470588235,14500000,1290718.0,66205855,3,15,1,0,15,0,2.0,175,7.5
2010,MIA,Miami Heat,EAST,27.2,5.6,219.9333333333333,78.86666666666666,23016000,1362120.0,74208013,2,13,1,0,14,0,5.0,4000,8.333333333333334
2009,MIA,Miami Heat,EAST,26.166666666666668,4.111111111111111,215.5555555555556,78.88888888888889,21372000,1466600.0,70297059,2,14,1,1,13,0,5.0,3500,10.0
2008,MIA,Miami Heat,EAST,27.13636363636364,4.636363636363637,219.0909090909091,78.86363636363636,16440000,2250000.0,74767603,1,16,1,1,36,0,15.0,1200,5.0
2025,MIL,Milwaukee Bucks,EAST,27.157894736842103,5.368421052631579,219.11111111111111,79.0,48787676,2764507.0,191009786,2,12,2,0,36,0,,1100,7.111111111111111
2024,MIL,Milwaukee Bucks,EAST,28.285714285714285,6.714285714285714,217.23809523809524,78.38095238095238,45640084,2019706.0,182226590,2,18,2,1,36,0,3.0,600,7.352941176470588
2023,MIL,Milwaukee Bucks,EAST,29.476190476190474,7.476190476190476,220.3809523809524,78.85714285714286,42492492,2485200.0,178933725,2,17,2,1,35,0,1.0,650,7.75
2022,MIL,Milwaukee Bucks,EAST,27.2,5.133333333333334,219.4333333333333,78.46666666666667,39344970,1729217.0,158654158,2,23,2,1,34,0,3.0,900,8.066666666666666
2021,MIL,Milwaukee Bucks,EAST,27.0,4.681818181818182,220.45454545454547,78.22727272727273,33051724,2101345.5,132074345,2,18,2,1,33,1,3.0,550,8.428571428571429
2020,MIL,Milwaukee Bucks,EAST,28.41176470588235,7.117647058823529,225.23529411764707,79.05882352941177,30603448,2735276.5,135025925,1,21,1,0,32,0,1.0,550,9.0
2019,MIL,Milwaukee Bucks,EAST,26.416666666666668,4.875,218.75,78.58333333333333,24157304,2534280.0,125890474,0,21,1,0,31,0,1.0,10000,9.666666666666666
2018,MIL,Milwaukee Bucks,EAST,25.875,3.9166666666666665,219.54166666666663,78.58333333333333,22471910,1709538.0,115375243,0,25,1,0,30,0,7.0,8000,9.909090909090908
2017,MIL,Milwaukee Bucks,EAST,25.894736842105264,4.368421052631579,225.1578947368421,79.84210526315789,17100000,2468463.5,106512121,0,20,1,0,29,0,6.0,18000,10.3
2016,MIL,Milwaukee Bucks,EAST,24.58823529411765,3.235294117647059,224.52941176470588,79.3529411764706,16400000,2109294.0,70993573,2,15,1,0,28,0,12.0,6800,10.11111111111111
2015,MIL,Milwaukee Bucks,EAST,24.85,3.55,220.4,78.8,11000000,1873200.0,61443341,0,21,1,0,28,0,6.0,25000,10.625
2014,MIL,Milwaukee Bucks,EAST,25.526315789473685,3.3684210526315788,219.8947368421053,79.0,8000000,3053368.0,49675131,0,15,1,0,27,0,15.0,15000,10.0
2013,MIL,Milwaukee Bucks,EAST,26.666666666666668,5.055555555555555,220.8333333333333,79.11111111111111,11000000,3524880.0,62476395,0,15,1,0,27,0,8.0,10000,10.333333333333334
2012,MIL,Milwaukee Bucks,EAST,25.764705882352946,4.235294117647059,223.76470588235293,79.58823529411765,12000000,3500000.0,60192388,0,15,1,0,26,0,9.0,12500,10.6
2011,MIL,Milwaukee Bucks,EAST,27.23529411764705,5.470588235294118,220.23529411764707,78.58823529411765,18300000,2000000.0,69076690,1,16,1,0,26,0,9.0,4000,11.0
2010,MIL,Milwaukee Bucks,EAST,27.73684210526316,5.052631578947368,219.4736842105264,79.15789473684211,17040000,2834260.0,66775602,1,15,1,0,26,0,6.0,20000,12.666666666666666
2009,MIL,Milwaukee Bucks,EAST,27.823529411764707,5.352941176470588,217.64705882352945,78.47058823529412,15780000,2565000.0,71360656,1,16,1,0,12,0,11.0,15000,13.5
2008,MIL,Milwaukee Bucks,EAST,26.428571428571427,3.857142857142857,223.3571428571429,79.28571428571429,14520000,3000000.0,62571522,1,14,1,0,12,0,13.0,7500,14.0
2025,MIN,Minnesota Timberwolves,WEST,26.21052631578948,4.578947368421052,220.53333333333333,79.26315789473684,49205800,5287710.0,205560682,3,11,0,0,12,0,,850,11.38888888888889
2024,MIN,Minnesota Timberwolves,WEST,25.894736842105264,5.105263157894737,216.05263157894737,78.73684210526316,41000000,2320000.0,164428789,2,19,0,0,12,0,3.0,6600,11.882352941176471
2023,MIN,Minnesota Timberwolves,WEST,25.5,4.4,214.6,78.15,38172414,1930681.0,143519708,2,19,0,0,11,0,8.0,2800,12.125
2022,MIN,Minnesota Timberwolves,WEST,24.55555555555556,3.4444444444444446,215.0,77.88888888888889,31650600,2353320.0,136017549,2,17,0,0,10,0,7.0,25000,12.466666666666667
2021,MIN,Minnesota Timberwolves,WEST,23.4375,3.0625,208.1875,77.875,29467800,4383217.5,128890063,2,14,0,0,9,0,13.0,20000,12.428571428571429
2020,MIN,Minnesota Timberwolves,WEST,24.416666666666668,3.2916666666666665,215.16666666666663,78.08333333333333,27285000,2631197.0,132547645,2,16,0,0,9,0,14.0,50000,12.307692307692308
2019,MIN,Minnesota Timberwolves,WEST,26.80952380952381,4.619047619047619,219.3333333333333,78.0952380952381,25467250,2285073.5,121968101,1,21,0,0,9,0,11.0,25000,12.416666666666666
2018,MIN,Minnesota Timberwolves,WEST,26.875,5.1875,216.875,78.6875,19301070,3098739.5,105179926,0,18,0,0,9,0,8.0,5000,12.818181818181818
2017,MIN,Minnesota Timberwolves,WEST,25.625,3.8125,219.25,78.6875,13550000,3500000.0,81621379,0,19,0,0,5,0,13.0,10000,12.8
2016,MIN,Minnesota Timberwolves,WEST,26.875,5.0625,225.8125,79.75,12365000,2148360.0,72458417,0,17,0,0,5,0,13.0,30000,12.777777777777779
2015,MIN,Minnesota Timberwolves,WEST,25.72,3.68,224.92,79.32,12100000,2013900.0,64733364,0,18,0,0,5,0,15.0,25000,12.5
2014,MIN,Minnesota Timberwolves,WEST,25.823529411764707,3.647058823529412,219.52941176470588,78.6470588235294,14693906,4251060.0,67485845,1,13,0,0,5,0,10.0,10000,12.857142857142858
2013,MIN,Minnesota Timberwolves,WEST,26.68421052631579,3.631578947368421,218.0,78.47368421052632,13668750,2575000.0,69001896,0,21,0,0,5,0,12.0,8000,13.0
2012,MIN,Minnesota Timberwolves,WEST,24.73333333333333,3.733333333333333,224.6,78.8,6262347,4300000.0,56844339,0,15,0,0,5,0,12.0,20000,13.2
2011,MIN,Minnesota Timberwolves,WEST,23.647058823529413,2.588235294117647,218.1176470588236,78.52941176470588,11530592,3415140.0,53461123,1,15,0,0,5,0,15.0,20000,12.75
2010,MIN,Minnesota Timberwolves,WEST,24.9375,3.5,227.5,79.375,12000000,2969280.0,62253360,0,17,0,0,5,0,15.0,20000,12.0
2009,MIN,Minnesota Timberwolves,WEST,26.47058823529412,4.352941176470588,224.94117647058823,79.0,11000000,2989620.0,66445144,0,16,0,0,5,0,11.0,15000,12.5
2008,MIN,Minnesota Timberwolves,WEST,25.9375,4.3125,226.1875,79.0,11666666,2562426.0,69043895,0,19,0,0,5,0,13.0,15000,12.0
2012,NJN,New Jersey Nets,EAST,25.90909090909091,3.954545454545455,220.3636363636364,78.5909090909091,16359805,1871540.0,65281235,1,19,0,0,5,0,12.0,4000,11.0
2011,NJN,New Jersey Nets,EAST,25.77272727272728,4.363636363636363,217.8181818181818,78.9090909090909,14940152,3250000.0,58495989,1,14,0,0,5,0,12.0,10000,10.75
2010,NJN,New Jersey Nets,EAST,26.47058823529412,4.882352941176471,217.7058823529412,79.05882352941177,10560000,2416067.0,59366715,0,17,0,0,5,0,15.0,12500,9.333333333333334
2009,NJN,New Jersey Nets,EAST,25.4,4.133333333333334,222.13333333333333,79.6,14724125,2986080.0,62666523,1,14,0,0,5,0,12.0,10000,8.0
2008,NJN,New Jersey Nets,EAST,27.3,5.1,222.75,78.95,13320000,1889760.0,61836211,1,18,0,0,5,0,10.0,2500,6.0
2013,NOH,New Orleans Hornets,WEST,24.63157894736842,2.6842105263157894,222.42105263157896,79.15789473684211,13700000,2323200.0,63901224,2,15,0,0,5,0,14.0,15000,8.8
2012,NOH,New Orleans Hornets,WEST,25.27272727272728,2.5454545454545454,226.27272727272728,79.31818181818181,14030000,2335820.0,65441008,1,17,0,0,5,0,15.0,15000,7.25
2011,NOH,New Orleans Hornets,WEST,26.57894736842105,4.157894736842105,227.31578947368425,79.57894736842105,14940153,2500000.0,68230729,1,16,0,0,5,0,8.0,6600,7.0
2010,NOH,New Orleans Hornets,WEST,27.75,5.1875,220.4375,78.75,13520500,3263020.0,70163827,0,14,0,0,4,0,11.0,5000,5.0
2009,NOH,New Orleans Hornets,WEST,29.066666666666663,6.466666666666667,221.66666666666663,79.33333333333333,12528000,3630000.0,67530808,0,15,0,0,4,0,7.0,1000,3.0
2008,NOH,New Orleans Hornets,WEST,27.6875,5.125,217.8125,78.75,11664000,2092200.0,62609991,0,16,0,0,3,0,3.0,5000,3.0
2025,NOP,New Orleans Pelicans,WEST,25.75,3.15,210.94117647058823,78.4,36725670,5159854.0,163702985,3,8,0,0,4,0,,5000,10.0
2024,NOP,New Orleans Pelicans,WEST,25.2,3.35,212.5,78.35,35802469,1836096.0,164937685,3,20,0,0,4,0,7.0,4000,10.3
2023,NOP,New Orleans Pelicans,WEST,25.58823529411765,4.294117647058823,211.64705882352945,78.41176470588235,33333333,3605400.0,147340203,2,18,0,0,3,0,9.0,4000,10.444444444444445
2022,NOP,New Orleans Pelicans,WEST,25.63636363636364,3.727272727272727,208.0,77.72727272727273,30864198,1700000.0,134623097,2,23,0,0,3,0,9.0,10000,10.625
2021,NOP,New Orleans Pelicans,WEST,25.476190476190474,3.7142857142857135,215.66666666666663,78.14285714285714,29592695,3113160.0,132616252,2,17,0,0,2,0,11.0,6500,10.571428571428571
2020,NOP,New Orleans Pelicans,WEST,24.823529411764707,3.294117647058824,217.7058823529412,77.70588235294117,26131111,4482302.0,117709161,1,17,0,0,2,0,13.0,12500,10.166666666666666
2019,NOP,New Orleans Pelicans,WEST,25.85,4.1,218.4,78.15,25976111,1757429.0,114806900,2,19,0,0,2,0,13.0,10000,9.6
2018,NOP,New Orleans Pelicans,WEST,28.043478260869566,5.391304347826087,214.2608695652174,77.73913043478261,25686667,1312611.0,118896488,1,22,0,0,2,0,6.0,22000,10.5
2017,NOP,New Orleans Pelicans,WEST,25.807692307692307,4.038461538461538,217.65384615384616,78.46153846153847,22116750,1227286.0,101707386,1,24,0,0,1,0,10.0,14500,10.666666666666666
2016,NOP,New Orleans Pelicans,WEST,26.666666666666668,5.0,216.1904761904762,77.61904761904762,15514031,1437100.0,84384711,0,22,0,0,1,0,12.0,3300,10.0
2015,NOP,New Orleans Pelicans,WEST,25.476190476190474,3.6666666666666665,213.7142857142857,78.14285714285714,14898938,981084.0,69390028,1,18,0,0,1,0,8.0,7500,12.0
2014,NOP,New Orleans Pelicans,WEST,25.571428571428573,3.1904761904761907,226.9047619047619,79.9047619047619,14283844,2500000.0,62705103,1,14,0,0,45,0,12.0,10000,12.0
2025,NYK,New York Knicks,EAST,25.94736842105263,4.473684210526316,216.4,78.15789473684211,36637932,11445000.0,173561472,1,12,2,0,45,0,,725,9.666666666666666
2024,NYK,New York Knicks,EAST,26.807692307692307,5.0,216.5,78.46153846153847,28226880,1836096.0,165734884,0,25,2,0,45,0,2.0,5000,10.117647058823529
2023,NYK,New York Knicks,EAST,25.0,4.055555555555555,216.27777777777777,78.11111111111111,27733332,1601680.0,146839447,0,24,2,0,44,0,5.0,6600,10.4375
2022,NYK,New York Knicks,EAST,25.695652173913043,4.173913043478261,213.4782608695652,78.04347826086956,19800000,2210640.0,119711411,0,25,2,0,43,0,11.0,8000,10.4
2021,NYK,New York Knicks,EAST,25.157894736842103,4.2105263157894735,212.57894736842104,77.84210526315789,18900000,3500000.0,100079878,0,25,2,0,43,0,4.0,50000,10.857142857142858
2020,NYK,New York Knicks,EAST,24.764705882352946,3.882352941176471,216.58823529411765,78.0,18000000,4463640.0,111355759,0,19,2,0,42,0,12.0,100000,10.76923076923077
2019,NYK,New York Knicks,EAST,24.60869565217392,3.391304347826087,221.5217391304348,78.3913043478261,22897200,3739920.0,123388448,0,21,2,0,42,0,15.0,35000,10.416666666666666
2018,NYK,New York Knicks,EAST,25.761904761904763,4.095238095238095,221.8095238095238,79.0952380952381,20566802,2274670.0,104405157,0,22,2,0,42,0,11.0,100000,10.363636363636363
2017,NYK,New York Knicks,EAST,26.625,4.125,217.375,79.375,24559380,2224829.5,103595894,2,16,2,0,42,0,12.0,7500,10.2
2016,NYK,New York Knicks,EAST,26.75,4.75,226.75,79.125,22875000,1611180.0,75311181,1,19,2,0,42,0,13.0,24000,9.88888888888889
2015,NYK,New York Knicks,EAST,27.25,4.75,220.15,79.0,23410988,1058622.0,83022165,2,18,2,0,42,0,15.0,5500,9.25
2014,NYK,New York Knicks,EAST,28.166666666666668,6.222222222222222,224.0,78.77777777777777,22407474,1703760.0,88890427,2,11,2,0,42,0,9.0,2200,9.285714285714286
2013,NYK,New York Knicks,EAST,31.31578947368421,8.526315789473685,223.6315789473684,79.84210526315789,19948799,2806452.0,77970893,2,13,2,0,42,0,2.0,3300,10.5
2012,NYK,New York Knicks,EAST,26.88235294117647,5.529411764705882,224.2941176470588,79.29411764705883,18518574,1352181.0,76208092,2,14,2,0,41,0,7.0,1600,11.2
2011,NYK,New York Knicks,EAST,25.9,4.25,221.5,79.05,17149243,1400000.0,67016562,2,13,2,0,40,0,6.0,4000,12.5
2010,NYK,New York Knicks,EAST,25.7,4.75,219.0,78.95,23239562,3089040.0,85710076,1,14,2,0,11,0,11.0,6600,13.0
2009,NYK,New York Knicks,EAST,26.043478260869566,4.913043478260869,227.0434782608696,79.65217391304348,20840625,6750000.0,96643646,1,12,2,0,11,0,14.0,10000,12.5
2008,NYK,New York Knicks,EAST,25.866666666666667,4.8,231.8,79.06666666666666,19012500,5632200.0,96190114,0,17,2,0,11,0,14.0,6000,11.0
2025,OKC,Oklahoma City Thunder,WEST,24.21052631578948,2.3684210526315788,204.8333333333333,78.6842105263158,35859950,6669000.0,159241956,1,14,0,0,11,0,,900,6.3125
2024,OKC,Oklahoma City Thunder,WEST,24.90909090909091,3.409090909090909,209.63636363636363,79.04545454545455,33386850,2588400.0,160502705,2,23,0,0,11,0,1.0,10000,6.666666666666667
2023,OKC,Oklahoma City Thunder,WEST,23.21052631578948,2.1052631578947367,210.1578947368421,79.21052631578948,30913750,3046200.0,148489515,1,24,0,0,10,0,10.0,50000,6.428571428571429
2022,OKC,Oklahoma City Thunder,WEST,23.65384615384616,1.7307692307692308,210.19230769230768,78.88461538461539,26238422,1782621.0,80320854,1,24,0,0,10,0,14.0,50000,5.846153846153846
2021,OKC,Oklahoma City Thunder,WEST,23.818181818181817,2.6818181818181817,211.27272727272728,79.13636363636364,27500000,2283034.0,94780631,1,24,0,0,10,0,14.0,20000,5.166666666666667
2020,OKC,Oklahoma City Thunder,WEST,24.5,3.388888888888889,216.16666666666663,78.44444444444444,38506482,2028594.0,133820365,1,18,0,0,10,0,5.0,25000,5.181818181818182
2019,OKC,Oklahoma City Thunder,WEST,25.05555555555556,3.9444444444444446,217.5,78.11111111111111,35654150,1938134.5,143896557,2,18,0,0,9,0,6.0,3800,5.1
2018,OKC,Oklahoma City Thunder,WEST,26.705882352941178,5.352941176470588,219.23529411764707,79.29411764705883,28530608,2385553.5,133777615,1,17,0,0,8,0,4.0,2150,5.222222222222222
2017,OKC,Oklahoma City Thunder,WEST,25.894736842105264,3.8947368421052633,219.52631578947367,78.89473684210526,26540100,2440200.0,91339949,1,20,0,0,7,0,6.0,6000,5.125
2016,OKC,Oklahoma City Thunder,WEST,27.23529411764705,5.647058823529412,224.58823529411765,79.23529411764706,20158622,3344000.0,94622660,1,14,0,0,6,0,3.0,750,5.428571428571429
2015,OKC,Oklahoma City Thunder,WEST,25.52380952380953,4.333333333333333,222.8095238095238,78.9047619047619,18995624,2621001.5,78791632,1,15,0,0,5,0,9.0,600,4.833333333333333
2014,OKC,Oklahoma City Thunder,WEST,27.22222222222222,5.444444444444445,224.94444444444449,79.22222222222223,17832627,2101020.0,71181364,2,12,0,0,5,0,2.0,550,5.4
2013,OKC,Oklahoma City Thunder,WEST,25.75,4.625,222.4375,79.4375,16669630,2020200.0,67863244,2,13,0,0,4,0,1.0,450,6.5
2012,OKC,Oklahoma City Thunder,WEST,26.125,4.625,221.9375,78.625,15506632,3286498.5,59501709,1,15,0,0,3,0,2.0,700,8.0
2011,OKC,Oklahoma City Thunder,WEST,25.166666666666668,4.055555555555555,226.94444444444449,79.44444444444444,13250000,3633860.0,55922488,1,13,0,0,2,0,4.0,1600,10.0
2010,OKC,Oklahoma City Thunder,WEST,25.166666666666668,3.2222222222222223,222.22222222222223,79.11111111111111,7350000,2759628.0,58438646,0,19,0,0,1,0,7.0,12500,13.0
2009,OKC,Oklahoma City Thunder,WEST,25.55,4.1,224.95,80.0,7647500,3493680.0,68341605,0,19,0,0,17,0,13.0,20000,13.0
2025,ORL,Orlando Magic,EAST,25.09523809523809,4.0,213.85,78.71428571428571,25000000,9057971.0,150359238,0,15,0,0,17,0,,8000,9.222222222222221
2024,ORL,Orlando Magic,EAST,24.444444444444443,3.333333333333333,221.8333333333333,79.27777777777777,17400000,6392625.5,130964229,0,18,0,0,17,0,5.0,25000,9.470588235294118
2023,ORL,Orlando Magic,EAST,23.85,3.2,220.6,79.4,17400000,3433320.0,125177282,0,21,0,0,16,0,13.0,50000,9.25
2022,ORL,Orlando Magic,EAST,24.454545454545453,2.772727272727273,214.0,78.0,20482143,3277080.0,125358212,0,25,0,0,16,0,15.0,50000,8.866666666666667
2021,ORL,Orlando Magic,EAST,24.857142857142858,3.4285714285714284,213.67857142857144,77.89285714285714,28489239,2586036.0,114211579,1,22,0,0,16,0,14.0,20000,8.5
2020,ORL,Orlando Magic,EAST,26.0,3.789473684210526,212.31578947368425,78.52631578947368,28000000,3000000.0,133294669,1,20,0,0,16,0,8.0,20000,8.538461538461538
2019,ORL,Orlando Magic,EAST,24.94117647058824,2.9411764705882355,215.8235294117647,78.58823529411765,21590909,2527768.0,114566809,0,20,0,0,15,0,6.0,75000,8.75
2018,ORL,Orlando Magic,EAST,25.21052631578948,3.736842105263158,217.73684210526315,78.52631578947368,17000000,4078320.0,95538311,0,19,0,0,14,0,14.0,250000,8.272727272727273
2017,ORL,Orlando Magic,EAST,25.473684210526315,3.631578947368421,219.3684210526316,78.6842105263158,17000000,4130580.0,104110336,0,18,0,0,14,0,13.0,22500,7.8
2016,ORL,Orlando Magic,EAST,24.88235294117647,3.4705882352941178,216.7058823529412,78.47058823529412,11250000,2380594.0,63349656,0,19,0,0,14,0,11.0,50000,7.444444444444445
2015,ORL,Orlando Magic,EAST,24.933333333333334,3.733333333333333,221.9333333333333,78.8,8175476,2134217.0,53338463,0,20,0,0,14,0,13.0,25000,6.75
2014,ORL,Orlando Magic,EAST,24.8125,3.375,227.125,78.5625,22346536,2500000.0,80664910,1,16,0,0,14,0,13.0,30000,5.857142857142857
2013,ORL,Orlando Magic,EAST,25.22222222222222,3.8333333333333335,224.27777777777777,78.5,20807922,1768800.0,87114818,1,18,0,0,14,0,15.0,15000,4.333333333333333
2012,ORL,Orlando Magic,EAST,26.375,5.3125,219.6875,78.25,19269307,2973300.0,86962825,2,14,0,0,14,0,6.0,2500,4.0
2011,ORL,Orlando Magic,EAST,28.176470588235293,7.176470588235294,220.23529411764707,78.52941176470588,17730694,3750000.0,90770804,0,14,0,0,13,0,4.0,1000,4.0
2010,ORL,Orlando Magic,EAST,27.75,6.333333333333333,220.0833333333333,78.16666666666667,18876000,4000000.0,82200916,1,12,0,0,12,0,2.0,1000,4.666666666666667
2009,ORL,Orlando Magic,EAST,27.875,6.0625,213.125,78.3125,16447871,4900000.0,69672979,1,12,0,0,11,0,3.0,2000,5.5
2008,ORL,Orlando Magic,EAST,26.9375,5.3125,221.5625,79.0625,14880000,2970000.0,58165973,1,15,0,0,10,0,3.0,4000,8.0
2025,PHI,Philadelphia 76ers,EAST,27.21052631578948,5.842105263157895,219.92857142857144,77.6842105263158,51415938,7975000.0,176179246,2,9,2,0,40,0,,1400,8.0
2024,PHI,Philadelphia 76ers,EAST,27.821428571428573,6.428571428571429,214.1071428571429,78.10714285714286,47607350,2019706.0,166735219,2,23,2,0,40,0,7.0,1800,8.058823529411764
2023,PHI,Philadelphia 76ers,EAST,25.95238095238096,4.714285714285714,217.9047619047619,78.28571428571429,37633050,2125200.0,149571525,3,18,2,0,39,0,3.0,1400,8.375
2022,PHI,Philadelphia 76ers,EAST,26.39130434782609,5.0,219.08695652173915,78.56521739130434,44310840,1517981.0,147997711,3,21,2,0,38,0,4.0,1600,8.666666666666666
2021,PHI,Philadelphia 76ers,EAST,25.95652173913044,4.260869565217392,216.8260869565217,78.47826086956522,34358850,1732194.5,146167304,3,17,2,0,37,0,1.0,2000,9.214285714285714
2020,PHI,Philadelphia 76ers,EAST,25.789473684210527,4.0,218.4736842105264,78.42105263157895,32742000,2028594.0,131997240,3,16,2,0,36,0,6.0,775,9.461538461538462
2019,PHI,Philadelphia 76ers,EAST,25.807692307692307,4.115384615384615,222.92307692307693,79.3076923076923,25467250,2502843.5,112942947,1,19,2,0,35,0,3.0,2000,10.0
2018,PHI,Philadelphia 76ers,EAST,25.26086956521739,3.652173913043478,220.17391304347825,78.34782608695652,23000000,1471382.0,100223563,1,22,2,0,34,0,3.0,19000,10.636363636363637
2017,PHI,Philadelphia 76ers,EAST,24.61904761904762,2.4285714285714284,222.42857142857144,79.38095238095238,11027027,1514160.0,85535372,0,25,2,0,33,0,14.0,50000,10.3
2016,PHI,Philadelphia 76ers,EAST,24.33333333333333,2.7777777777777777,214.27777777777777,77.94444444444444,12000000,1100602.0,63646397,0,23,2,0,33,0,15.0,100000,9.777777777777779
2015,PHI,Philadelphia 76ers,EAST,23.76,1.92,214.32,78.6,11250000,1120920.0,56356304,0,25,2,0,33,0,14.0,50000,9.25
2014,PHI,Philadelphia 76ers,EAST,23.30434782608696,1.6521739130434785,219.91304347826087,79.21739130434783,14021788,3002950.5,58945006,1,13,2,0,33,0,14.0,10000,8.571428571428571
2013,PHI,Philadelphia 76ers,EAST,25.41176470588235,4.117647058823529,221.52941176470588,78.41176470588235,16889000,2909522.0,84032270,1,17,2,0,33,0,10.0,5000,8.333333333333334
2012,PHI,Philadelphia 76ers,EAST,26.0,4.3125,227.8125,79.625,17059727,2896232.0,66672368,2,12,2,0,33,0,8.0,12500,8.4
2011,PHI,Philadelphia 76ers,EAST,26.466666666666665,5.066666666666666,225.06666666666663,79.4,15959099,3788520.0,68915246,1,13,2,0,32,0,7.0,10000,8.75
2010,PHI,Philadelphia 76ers,EAST,26.1875,4.75,220.9375,79.125,14858471,1902700.0,64883448,1,13,2,0,31,0,13.0,6600,7.333333333333333
2009,PHI,Philadelphia 76ers,EAST,27.307692307692307,6.076923076923077,224.07692307692307,78.84615384615384,13757844,2678060.0,68301007,1,13,2,0,31,0,6.0,2500,8.0
2008,PHI,Philadelphia 76ers,EAST,25.866666666666667,3.866666666666666,218.46666666666667,79.2,19000000,2442444.5,74038229,1,17,2,0,30,0,7.0,15000,9.0
2025,PHO,Phoenix Suns,WEST,28.047619047619047,5.761904761904762,215.76470588235293,78.33333333333333,51179021,8250000.0,219627801,3,10,0,0,33,0,,3500,8.61111111111111
2024,PHO,Phoenix Suns,WEST,27.681818181818183,6.5,223.27272727272728,78.22727272727273,47649433,2623236.5,191331329,2,20,0,0,33,0,6.0,600,8.764705882352942
2023,PHO,Phoenix Suns,WEST,27.6,5.75,216.0,78.4,44119845,1836090.0,172327721,1,19,0,0,32,0,4.0,1000,9.0625
2022,PHO,Phoenix Suns,WEST,26.82608695652174,4.521739130434782,216.5217391304348,78.43478260869566,31650600,3768342.0,135742648,2,21,0,0,31,0,1.0,1500,9.6
2021,PHO,Phoenix Suns,WEST,26.294117647058822,4.352941176470588,213.23529411764707,78.11764705882354,41358814,3925000.0,127115196,2,15,0,0,30,0,2.0,4000,10.142857142857142
2020,PHO,Phoenix Suns,WEST,24.105263157894736,2.473684210526316,207.94736842105263,78.10526315789474,27285000,3481986.0,121137310,1,18,0,0,29,0,10.0,50000,10.153846153846153
2019,PHO,Phoenix Suns,WEST,25.416666666666668,4.333333333333333,213.54166666666663,78.625,19245370,3208630.0,109405766,0,25,0,0,29,0,15.0,75000,9.75
2018,PHO,Phoenix Suns,WEST,24.27272727272728,3.0454545454545454,215.8636363636364,77.81818181818181,16384175,3073800.0,92518634,0,23,0,0,29,0,15.0,125000,9.272727272727273
2017,PHO,Phoenix Suns,WEST,25.55555555555556,4.333333333333333,218.38888888888889,77.88888888888889,14000000,2223600.0,85115778,0,21,0,0,29,0,15.0,85000,8.7
2016,PHO,Phoenix Suns,WEST,25.65217391304348,3.652173913043478,214.43478260869568,78.04347826086956,13086957,1329673.5,69701209,0,22,0,0,29,0,14.0,30000,8.11111111111111
2015,PHO,Phoenix Suns,WEST,25.65217391304348,3.217391304347826,213.6086956521739,77.73913043478261,12173913,2038500.0,66503432,0,22,0,0,29,0,10.0,8500,7.875
2014,PHO,Phoenix Suns,WEST,25.8,3.2,223.0,78.86666666666666,14487500,2626473.0,64412586,1,16,0,0,29,0,9.0,20000,7.714285714285714
2013,PHO,Phoenix Suns,WEST,26.1875,3.875,221.875,79.25,7500000,2781520.0,60844774,0,18,0,0,29,0,15.0,15000,6.5
2012,PHO,Phoenix Suns,WEST,28.53846153846154,6.769230769230769,222.07692307692307,79.0,11689062,4000000.0,66340576,0,16,0,0,29,0,10.0,10000,5.8
2011,PHO,Phoenix Suns,WEST,27.473684210526315,5.2105263157894735,225.94736842105263,79.73684210526316,17300000,2737534.0,65979054,1,15,0,0,29,0,10.0,5000,4.75
2010,PHO,Phoenix Suns,WEST,26.73333333333333,4.866666666666666,229.0,79.93333333333334,16378325,1801140.0,75288544,1,15,0,0,29,0,3.0,6600,5.333333333333333
2009,PHO,Phoenix Suns,WEST,27.05555555555556,5.055555555555555,225.38888888888889,78.66666666666667,21000000,1661860.0,76130408,1,13,0,0,28,0,9.0,1500,3.5
2008,PHO,Phoenix Suns,WEST,29.125,6.75,224.9375,78.875,20000000,1830000.0,71323049,1,12,0,0,28,0,5.0,500,2.0
2025,POR,Portland Trail Blazers,WEST,24.42105263157895,3.1578947368421053,209.94444444444449,79.21052631578948,34005126,6614160.0,167086613,1,16,1,0,37,0,,100000,8.0
2024,POR,Portland Trail Blazers,WEST,24.27272727272728,2.3181818181818183,215.1818181818182,78.9090909090909,32459438,1951220.0,165919847,0,25,1,0,37,0,15.0,12500,7.588235294117647
2023,POR,Portland Trail Blazers,WEST,24.5,3.333333333333333,209.91666666666663,78.20833333333333,42492492,1836090.0,144235655,1,24,1,0,37,0,13.0,8000,7.25
2022,POR,Portland Trail Blazers,WEST,24.96296296296296,3.703703703703704,214.59259259259247,77.55555555555556,39344900,1789256.0,123351452,1,24,1,0,37,0,13.0,5000,6.866666666666666
2021,POR,Portland Trail Blazers,WEST,25.529411764705884,4.941176470588236,217.2941176470588,78.29411764705883,31626953,2548235.0,130336680,2,16,1,0,37,0,6.0,4000,6.928571428571429
2020,POR,Portland Trail Blazers,WEST,25.35,4.65,225.1,79.3,29802321,2105520.0,137375609,2,19,1,0,36,0,8.0,3500,6.846153846153846
2019,POR,Portland Trail Blazers,WEST,24.5,3.888888888888889,221.5,78.94444444444444,27977689,3158659.0,132512467,1,17,1,0,35,0,4.0,30000,7.083333333333333
2018,POR,Portland Trail Blazers,WEST,24.0625,3.375,225.8125,79.4375,26153057,2602894.5,119265264,2,18,1,0,34,0,3.0,31500,7.454545454545454
2017,POR,Portland Trail Blazers,WEST,24.266666666666666,3.066666666666667,221.6,78.86666666666666,24328425,6666667.0,111872768,1,14,1,0,33,0,8.0,13000,7.4
2016,POR,Portland Trail Blazers,WEST,24.5625,3.0,218.0,78.5,9638554,2854940.0,61000674,0,18,1,0,32,0,5.0,30000,7.666666666666667
2015,POR,Portland Trail Blazers,WEST,26.33333333333333,4.611111111111111,220.94444444444449,79.11111111111111,19317326,3150000.0,92220907,1,16,1,0,31,0,6.0,5000,7.875
2014,POR,Portland Trail Blazers,WEST,25.33333333333333,3.866666666666666,221.86666666666667,78.93333333333334,17888932,2948988.0,80253518,1,15,1,0,30,0,4.0,8000,8.428571428571429
2013,POR,Portland Trail Blazers,WEST,24.933333333333334,3.2666666666666666,218.46666666666667,79.06666666666666,16460538,2338721.0,73757590,1,16,1,0,29,0,11.0,10000,8.0
2012,POR,Portland Trail Blazers,WEST,26.72222222222222,5.222222222222222,219.72222222222223,79.27777777777777,15032144,1962082.5,78568536,0,16,1,0,29,0,11.0,3300,7.4
2011,POR,Portland Trail Blazers,WEST,27.444444444444443,4.833333333333333,223.88888888888889,80.11111111111111,13520500,1645440.0,74584058,0,15,1,0,29,0,6.0,2800,7.75
2010,POR,Portland Trail Blazers,WEST,25.73684210526316,4.315789473684211,219.05263157894737,79.3157894736842,9000000,2143080.0,56946258,0,17,1,0,28,0,6.0,2000,8.333333333333334
2009,POR,Portland Trail Blazers,WEST,24.066666666666663,2.933333333333333,224.26666666666668,80.0,17180000,3771133.0,80260059,1,16,1,0,27,0,2.0,3000,11.5
2008,POR,Portland Trail Blazers,WEST,23.857142857142858,2.7857142857142856,217.7142857142857,79.21428571428571,15070000,3487040.0,73241335,1,15,1,0,11,0,10.0,8000,13.0
2025,SAC,Sacramento Kings,WEST,26.15,4.45,211.8125,78.5,40500000,8000000.0,167640684,2,11,0,0,11,0,,6600,11.61111111111111
2024,SAC,Sacramento Kings,WEST,26.15,4.1,212.85,78.9,32600060,2019706.0,149993550,2,23,0,0,11,0,9.0,3500,11.764705882352942
2023,SAC,Sacramento Kings,WEST,25.65,4.05,216.1,78.9,30351780,1906496.5,134629166,1,23,0,0,11,0,3.0,50000,12.3125
2022,SAC,Sacramento Kings,WEST,25.15384615384616,4.269230769230769,215.34615384615384,78.65384615384616,28103500,3866000.0,129677197,1,21,0,0,42,0,12.0,25000,12.333333333333334
2021,SAC,Sacramento Kings,WEST,24.875,3.4166666666666665,217.04166666666663,78.70833333333333,24701834,1569272.5,104931498,2,20,0,0,42,0,12.0,25000,12.357142857142858
2020,SAC,Sacramento Kings,WEST,26.08695652173913,4.304347826086956,218.69565217391303,79.17391304347827,24147727,3655000.0,117679921,1,21,0,0,42,0,12.0,15000,12.384615384615385
2019,SAC,Sacramento Kings,WEST,24.8,3.25,217.75,78.9,24107258,2270496.0,103537060,1,22,0,0,42,0,9.0,200000,12.666666666666666
2018,SAC,Sacramento Kings,WEST,25.666666666666668,4.0,222.16666666666663,79.16666666666667,12307692,2365560.0,95682824,0,23,0,0,42,0,12.0,125000,12.727272727272727
2017,SAC,Sacramento Kings,WEST,26.73684210526316,5.421052631578948,219.26315789473685,78.3157894736842,13333333,3551160.0,96043092,0,21,0,0,42,0,12.0,50000,12.8
2016,SAC,Sacramento Kings,WEST,26.4,5.0,221.6,78.66666666666667,14728844,2249593.5,71840771,1,17,0,0,42,0,10.0,30000,13.11111111111111
2015,SAC,Sacramento Kings,WEST,26.105263157894736,4.421052631578948,227.68421052631567,79.26315789473684,19317325,1768653.0,73675912,1,18,0,0,42,0,13.0,25000,13.125
2014,SAC,Sacramento Kings,WEST,25.82608695652174,4.043478260869565,228.0434782608696,78.73913043478261,17888931,4588384.0,78765372,1,14,0,0,42,0,13.0,15000,13.142857142857142
2013,SAC,Sacramento Kings,WEST,25.352941176470587,3.647058823529412,216.8235294117647,78.17647058823529,8083000,3125000.0,54317436,0,14,0,0,42,0,13.0,25000,13.166666666666666
2012,SAC,Sacramento Kings,WEST,24.4,3.066666666666667,221.4,79.0,8500000,3000642.0,48950236,0,14,0,0,42,0,14.0,20000,13.0
2011,SAC,Sacramento Kings,WEST,24.75,2.625,224.8125,79.1875,13428129,1185660.0,45268465,1,15,0,0,42,0,14.0,15000,12.75
2010,SAC,Sacramento Kings,WEST,25.35,3.05,227.65,79.75,13655268,2035920.0,67515718,1,18,0,0,42,0,14.0,25000,12.333333333333334
2009,SAC,Sacramento Kings,WEST,26.761904761904763,4.285714285714286,220.3333333333333,79.28571428571429,8760335,2400443.0,69204512,0,18,0,0,42,0,15.0,20000,11.0
2008,SAC,Sacramento Kings,WEST,27.0,5.105263157894737,221.8421052631579,79.36842105263158,10500000,2444300.0,63403225,0,20,0,0,42,0,11.0,5000,11.0
2025,SAS,San Antonio Spurs,WEST,24.38095238095238,3.6666666666666665,208.27777777777777,78.61904761904762,29347826,9104643.5,142918889,1,13,5,0,42,0,,10000,5.777777777777778
2024,SAS,San Antonio Spurs,WEST,23.4,2.55,214.9,78.95,20000000,4341600.0,140908582,0,25,5,0,42,0,14.0,15000,5.294117647058823
2023,SAS,San Antonio Spurs,WEST,23.65217391304348,3.0,218.1304347826087,78.8695652173913,13750000,2600000.0,101438004,0,25,5,0,42,0,15.0,50000,4.6875
2022,SAS,San Antonio Spurs,WEST,25.166666666666668,3.5416666666666665,214.54166666666663,78.25,18620165,3804360.0,126730143,0,25,5,0,42,0,10.0,30000,4.333333333333333
2021,SAS,San Antonio Spurs,WEST,25.61111111111111,4.555555555555555,218.94444444444449,78.61111111111111,27739975,2892000.0,128746873,1,20,5,0,42,0,10.0,25000,3.9285714285714284
2020,SAS,San Antonio Spurs,WEST,26.22222222222222,5.111111111111111,220.44444444444449,78.77777777777777,27739975,2875000.0,123395102,2,17,5,0,42,0,11.0,6000,3.3846153846153846
2019,SAS,San Antonio Spurs,WEST,27.6875,6.0625,224.4375,79.5625,27739975,2493500.0,122398215,1,19,5,0,42,0,7.0,10000,3.0833333333333335
2018,SAS,San Antonio Spurs,WEST,28.058823529411764,6.0,215.2941176470588,78.70588235294117,21461010,1881250.0,116153554,0,19,5,0,41,0,7.0,1800,2.727272727272727
2017,SAS,San Antonio Spurs,WEST,28.6875,6.1875,216.25,79.0,20575005,1371869.5,108640621,0,20,5,1,40,0,2.0,925,2.8
2016,SAS,San Antonio Spurs,WEST,31.058823529411764,8.647058823529411,221.41176470588235,79.23529411764706,19500000,1499187.0,87365099,1,17,5,1,39,0,2.0,500,2.888888888888889
2015,SAS,San Antonio Spurs,WEST,28.41176470588235,6.235294117647059,223.05882352941177,79.23529411764706,12500000,2475375.0,69614583,0,18,5,1,38,0,4.0,350,2.75
2014,SAS,San Antonio Spurs,WEST,27.84210526315789,5.368421052631579,220.26315789473685,78.84210526315789,12500000,3256250.0,63666028,0,14,5,1,37,1,1.0,1200,3.0
2013,SAS,San Antonio Spurs,WEST,27.823529411764707,5.705882352941177,221.8235294117647,78.6470588235294,14107492,2680960.0,69787704,1,15,4,0,36,0,2.0,1600,3.1666666666666665
2012,SAS,San Antonio Spurs,WEST,26.904761904761905,4.285714285714286,220.42857142857144,78.14285714285714,21164619,1463520.0,73732762,1,16,4,0,35,0,1.0,3300,3.6
2011,SAS,San Antonio Spurs,WEST,27.35,4.4,216.7,78.55,18700000,918000.0,69522311,1,18,4,0,34,0,1.0,2500,4.25
2010,SAS,San Antonio Spurs,WEST,28.11764705882353,5.764705882352941,219.94117647058823,78.94117647058823,22183220,2870190.0,79338309,1,13,4,1,33,0,8.0,1000,3.0
2009,SAS,San Antonio Spurs,WEST,28.7,5.45,217.15,78.7,20598704,1881137.5,68020487,1,17,4,1,32,0,4.0,800,2.5
2008,SAS,San Antonio Spurs,WEST,29.09523809523809,5.9523809523809526,212.57142857142856,78.71428571428571,19014188,1944000.0,70048523,1,18,4,2,31,0,2.0,450,3.0
2008,SEA,Seattle SuperSonics,WEST,26.80952380952381,4.571428571428571,219.57142857142856,79.04761904761905,6500000,3250050.0,60861388,0,16,1,0,13,0,15.0,7500,14.0
2025,TOR,Toronto Raptors,EAST,25.36842105263158,3.631578947368421,210.6153846153846,78.21052631578948,32500000,10130980.0,155718137,1,12,1,0,13,0,,50000,6.777777777777778
2024,TOR,Toronto Raptors,EAST,25.9,4.266666666666667,208.3333333333333,77.96666666666667,23883929,3000000.0,161292652,0,25,1,0,13,0,12.0,8000,6.470588235294118
2023,TOR,Toronto Raptors,EAST,25.75,4.3,213.85,78.95,35448672,1836090.0,149485166,1,24,1,0,13,0,9.0,4000,6.3125
2022,TOR,Toronto Raptors,EAST,24.73913043478261,3.347826086956522,211.7391304347826,78.30434782608695,33003936,1746006.5,133867382,1,23,1,1,13,0,5.0,15000,6.4
2021,TOR,Toronto Raptors,EAST,25.77272727272728,3.6818181818181817,215.1818181818182,78.22727272727273,30559200,1950600.0,128120879,2,19,1,1,12,0,12.0,3000,6.0
2020,TOR,Toronto Raptors,EAST,25.27777777777778,3.388888888888889,213.11111111111111,77.88888888888889,33296296,1935015.5,123355096,2,18,1,1,12,0,2.0,5500,6.3076923076923075
2019,TOR,Toronto Raptors,EAST,26.954545454545453,5.227272727272728,217.1818181818182,78.4090909090909,31200000,1272475.5,136242478,1,17,1,1,11,1,2.0,1850,6.666666666666667
2018,TOR,Toronto Raptors,EAST,24.77777777777778,3.388888888888889,220.66666666666663,78.83333333333333,28703704,1504560.0,116574876,2,17,0,0,10,0,1.0,15000,7.181818181818182
2017,TOR,Toronto Raptors,EAST,25.11764705882353,3.823529411764706,224.0,78.6470588235294,26540100,1921320.0,108664969,1,18,0,0,9,0,3.0,5500,7.6
2016,TOR,Toronto Raptors,EAST,25.375,4.0625,226.625,78.9375,13500000,2171000.0,71934665,0,20,0,0,8,0,2.0,6600,8.222222222222221
2015,TOR,Toronto Raptors,EAST,25.866666666666667,4.6,227.53333333333333,79.26666666666667,12000000,3678360.0,75562364,0,17,0,0,7,0,4.0,5000,8.75
2014,TOR,Toronto Raptors,EAST,26.1,4.3,223.35,78.8,9500000,3354720.0,53076014,0,14,0,0,6,0,4.0,15000,9.428571428571429
2013,TOR,Toronto Raptors,EAST,25.944444444444443,4.388888888888889,221.72222222222223,78.55555555555556,16460538,2959625.0,66974563,1,15,0,0,5,0,9.0,25000,9.5
2012,TOR,Toronto Raptors,EAST,26.72222222222222,4.388888888888889,223.16666666666663,78.61111111111111,9780992,2500000.0,55063049,0,15,0,0,5,0,11.0,25000,9.2
2011,TOR,Toronto Raptors,EAST,25.59090909090909,3.5454545454545454,224.0909090909091,79.0909090909091,14896000,2292600.0,69992648,1,18,0,0,5,0,14.0,20000,8.0
2010,TOR,Toronto Raptors,EAST,25.666666666666668,4.4,225.86666666666667,79.66666666666667,15779912,2974653.0,67822433,1,15,0,0,5,0,9.0,6600,7.666666666666667
2009,TOR,Toronto Raptors,EAST,26.31578947368421,3.631578947368421,221.42105263157896,79.3157894736842,17810000,4305000.0,73446970,1,13,0,0,5,0,13.0,3500,5.0
2008,TOR,Toronto Raptors,EAST,27.352941176470587,3.823529411764706,215.7058823529412,79.29411764705883,12455000,3375000.0,66042375,0,16,0,0,5,0,6.0,2000,4.0
2025,UTA,Utah Jazz,WEST,24.6,3.45,216.3125,78.6,42176400,5469120.0,128678582,2,9,0,0,31,0,,50000,7.555555555555555
2024,UTA,Utah Jazz,WEST,24.23809523809524,3.1904761904761907,220.52380952380952,79.04761904761905,25340000,2586665.0,131557410,0,23,0,0,31,0,12.0,25000,7.294117647058823
2023,UTA,Utah Jazz,WEST,25.695652173913043,4.3478260869565215,220.95652173913044,78.69565217391305,46295265,2298385.0,147924401,1,24,0,0,31,0,12.0,50000,7.0
2022,UTA,Utah Jazz,WEST,27.25,4.625,225.41666666666663,78.45833333333333,35344828,1782621.0,148201946,1,22,0,0,31,0,5.0,1600,7.133333333333334
2021,UTA,Utah Jazz,WEST,26.72222222222222,4.277777777777778,223.16666666666663,78.0,34504132,1880278.5,135745577,2,16,0,0,30,0,1.0,4000,7.571428571428571
2020,UTA,Utah Jazz,WEST,25.85,3.5,217.55,77.45,32511623,1707999.5,121096122,2,18,0,0,29,0,6.0,1300,7.6923076923076925
2019,UTA,Utah Jazz,WEST,26.77777777777778,4.611111111111111,223.38888888888889,78.33333333333333,23241573,3360000.0,111744016,1,16,0,0,28,0,5.0,10000,7.916666666666667
2018,UTA,Utah Jazz,WEST,26.19047619047619,3.857142857142857,220.28571428571428,78.14285714285714,21974719,2046331.0,106140633,1,21,0,0,27,0,5.0,25000,8.181818181818182
2017,UTA,Utah Jazz,WEST,26.133333333333333,4.733333333333333,224.3333333333333,79.33333333333333,16073140,2295300.0,80598193,0,18,0,0,26,0,5.0,10000,8.5
2016,UTA,Utah Jazz,WEST,24.529411764705884,2.117647058823529,220.64705882352945,79.23529411764706,15409570,1348440.0,64783884,1,20,0,0,25,0,9.0,15000,8.444444444444445
2015,UTA,Utah Jazz,WEST,24.0,1.7272727272727273,218.04545454545453,78.9090909090909,14746000,816481.0,59061387,2,21,0,0,25,0,11.0,25000,8.125
2014,UTA,Utah Jazz,WEST,25.823529411764707,4.0,218.7058823529412,78.47058823529412,11046000,3452183.0,54981656,1,12,0,0,25,0,15.0,8000,7.142857142857143
2013,UTA,Utah Jazz,WEST,25.928571428571427,4.785714285714286,224.1428571428572,78.14285714285714,15000000,3480000.0,64717649,1,12,0,0,25,0,9.0,10000,6.833333333333333
2012,UTA,Utah Jazz,WEST,26.066666666666663,4.6,220.9333333333333,78.06666666666666,14000000,3240000.0,56948761,1,12,0,0,25,0,7.0,10000,6.8
2011,UTA,Utah Jazz,WEST,26.23529411764705,4.647058823529412,227.52941176470588,79.29411764705883,17823000,3350000.0,75855296,1,13,0,0,24,0,11.0,4000,5.75
2010,UTA,Utah Jazz,WEST,24.666666666666668,3.2666666666666666,222.6,78.66666666666667,16452000,4427557.5,71905244,1,11,0,0,24,0,4.0,2500,6.333333333333333
2009,UTA,Utah Jazz,WEST,25.666666666666668,4.466666666666667,229.53333333333333,79.2,15106000,2074302.0,65841407,1,14,0,0,23,0,8.0,1200,5.5
2008,UTA,Utah Jazz,WEST,25.266666666666666,3.6,228.0,79.13333333333334,13735000,2350000.0,64959089,1,14,0,0,22,0,6.0,1500,5.0
2025,WAS,Washington Wizards,EAST,24.94117647058824,3.941176470588236,219.5,79.47058823529412,29651786,6692959.0,158877689,0,16,0,0,9,0,,100000,10.0
2024,WAS,Washington Wizards,EAST,25.166666666666668,3.875,214.5,79.125,27455357,2337720.0,148282937,0,25,0,0,9,0,14.0,50000,9.764705882352942
2023,WAS,Washington Wizards,EAST,25.565217391304348,3.347826086956522,209.2173913043478,78.69565217391305,43279250,1836090.0,150006207,2,21,0,0,9,0,12.0,25000,9.625
2022,WAS,Washington Wizards,EAST,25.58620689655172,3.3793103448275863,215.3448275862069,78.20689655172414,33724200,1517981.0,127094532,2,23,0,0,9,0,12.0,15000,9.466666666666667
2021,WAS,Washington Wizards,EAST,25.142857142857142,3.7142857142857135,216.9047619047619,79.14285714285714,41358814,2053650.5,129669262,2,18,0,0,9,0,8.0,10000,9.571428571428571
2020,WAS,Washington Wizards,EAST,25.26086956521739,3.3043478260869565,210.2173913043478,77.52173913043478,38199000,1845301.0,129994563,1,22,0,0,8,0,10.0,125000,9.538461538461538
2019,WAS,Washington Wizards,EAST,26.6,5.16,219.48,78.96,25434262,2444116.5,124396126,1,21,0,0,8,0,11.0,11000,9.416666666666666
2018,WAS,Washington Wizards,EAST,27.3125,5.5625,213.5625,78.5,24773250,2046520.0,124030914,0,20,0,0,8,0,8.0,9000,9.545454545454545
2017,WAS,Washington Wizards,EAST,25.666666666666668,3.7777777777777777,217.5555555555556,79.0,22116750,3128705.5,102334382,1,17,0,0,7,0,4.0,16000,10.1
2016,WAS,Washington Wizards,EAST,27.94736842105263,6.2631578947368425,224.4736842105264,79.10526315789474,15851950,3650000.0,84237317,0,18,0,0,6,0,10.0,5500,10.11111111111111
2015,WAS,Washington Wizards,EAST,28.5,7.111111111111111,222.0,78.38888888888889,14746000,4099346.0,83108421,0,18,0,0,6,0,5.0,3000,10.75
2014,WAS,Washington Wizards,EAST,26.58823529411765,5.588235294117647,222.8823529411765,79.29411764705883,13000000,3340920.0,64555085,1,14,0,0,5,0,6.0,10000,11.428571428571429
2013,WAS,Washington Wizards,EAST,26.21052631578948,4.473684210526316,221.73684210526315,78.94736842105263,13490000,1490820.0,66343388,1,19,0,0,4,0,12.0,20000,11.333333333333334
2012,WAS,Washington Wizards,EAST,25.904761904761905,3.7142857142857135,227.3333333333333,79.85714285714286,21136631,1680360.0,55386345,1,14,0,0,4,0,14.0,15000,10.8
2011,WAS,Washington Wizards,EAST,25.695652173913043,3.4347826086956523,218.0,78.91304347826087,19573711,2050520.0,58324988,1,17,0,0,4,0,13.0,5000,10.25
2010,WAS,Washington Wizards,EAST,27.125,4.625,218.04166666666663,78.75,16192080,2000100.0,73440274,1,15,0,0,4,0,14.0,8000,9.0
2009,WAS,Washington Wizards,EAST,26.705882352941178,4.764705882352941,219.0,79.05882352941177,14653466,3177870.5,70743317,1,15,0,0,4,0,15.0,6000,6.0
2008,WAS,Washington Wizards,EAST,26.15384615384616,4.384615384615385,218.84615384615384,79.07692307692308,16360094,3206000.0,65278996,1,13,0,0,4,0,5.0,2500,7.0
2007,ATL,Atlanta Hawks,EAST,24.63157894736842,3.0,218.1052631578948,78.73684210526316,12744189,1460640.0,48581972,1,18,0,0,27,0,13.0,20000,13.0
2007,BOS,Boston Celtics,EAST,24.5,3.25,227.5625,78.6875,15101625,1618320.0,62981479,1,18,16,0,27,0,15.0,8000,15.0
2007,CHA,Charlotte Bobcats,EAST,26.88888888888889,4.333333333333333,223.27777777777777,79.38888888888889,5525000,2200000.0,41964046,0,17,0,0,27,0,12.0,50000,12.0
2007,CHI,Chicago Bulls,EAST,25.928571428571427,3.7857142857142856,218.6428571428572,78.35714285714286,16000000,2655698.0,54754904,1,15,6,0,27,0,3.0,1800,3.0
2007,CLE,Cleveland Cavaliers,EAST,27.33333333333333,5.866666666666666,221.86666666666667,79.2,13363012,3196050.0,62992729,1,14,0,0,15,0,2.0,900,2.0
2007,DAL,Dallas Mavericks,WEST,28.25,6.25,221.875,79.0625,16141999,1986129.5,88531846,0,20,0,0,13,0,1.0,400,1.0
2007,DEN,Denver Nuggets,WEST,26.666666666666668,5.111111111111111,214.16666666666663,78.22222222222223,17184375,1387560.0,65517776,1,14,0,0,20,0,6.0,4500,6.0
2007,DET,Detroit Pistons,EAST,28.266666666666666,6.733333333333333,216.26666666666668,78.93333333333334,11650000,2000000.0,59010951,0,16,3,1,30,0,1.0,800,1.0
2007,GSW,Golden State Warriors,WEST,24.8,3.15,219.3,78.7,15070000,1379145.5,65012368,1,19,1,0,11,0,7.0,10000,7.0
2007,HOU,Houston Rockets,WEST,27.466666666666665,5.2,224.46666666666667,79.66666666666667,16901500,1957500.0,63837566,1,17,2,0,23,0,4.0,2000,4.0
2007,IND,Indiana Pacers,EAST,26.473684210526315,3.789473684210526,218.31578947368425,79.52631578947368,18084000,1358880.0,63118965,1,17,3,0,43,0,10.0,5000,10.0
2007,LAC,Los Angeles Clippers,WEST,26.894736842105264,5.052631578947368,212.31578947368425,78.57894736842105,14248000,839209.0,59181038,1,20,0,0,43,0,9.0,2500,9.0
2007,LAL,Los Angeles Lakers,WEST,25.642857142857142,4.357142857142857,223.3571428571429,79.14285714285714,17718750,1817141.0,78099949,1,16,9,0,43,0,8.0,3500,8.0
2007,MEM,Memphis Grizzlies,WEST,26.33333333333333,4.055555555555555,217.44444444444449,78.44444444444444,14863778,1886113.0,61960489,1,16,0,0,12,0,15.0,4500,15.0
2007,MIA,Miami Heat,EAST,28.1875,6.3125,223.3125,79.25,20000000,1183174.0,64416312,1,19,1,1,12,0,5.0,600,5.0
2007,MIL,Milwaukee Bucks,EAST,25.0,2.7058823529411766,215.1764705882353,78.11764705882354,13260000,1920000.0,63498518,1,18,1,0,16,0,14.0,8000,14.0
2007,MIN,Minnesota Timberwolves,WEST,26.571428571428573,4.428571428571429,214.3571428571429,78.35714285714286,21000000,2700000.0,66820673,1,14,0,0,16,0,12.0,10000,12.0
2007,NJN,New Jersey Nets,EAST,26.6,4.666666666666667,221.06666666666663,79.66666666666667,18084000,1097880.0,64486110,2,15,0,0,16,0,6.0,1500,6.0
2007,NOK,New Orleans/Oklahoma City Hornets,WEST,25.73333333333333,3.6,221.86666666666667,79.06666666666666,10800000,1909769.0,53748991,1,15,0,0,9,0,10.0,10000,10.0
2007,NYK,New York Knicks,EAST,25.73333333333333,4.4,232.46666666666667,79.4,17184375,7014400.0,117350866,0,19,2,0,9,0,11.0,20000,11.0
2007,ORL,Orlando Magic,EAST,26.0,4.733333333333333,217.7333333333333,78.66666666666667,16901500,3224000.0,61447108,1,15,0,0,9,0,8.0,15000,8.0
2007,PHI,Philadelphia 76ers,EAST,26.27777777777778,4.444444444444445,216.5,79.05555555555556,17600000,2800000.0,69140163,1,16,2,0,27,0,9.0,12000,9.0
2007,PHO,Phoenix Suns,WEST,29.071428571428573,6.357142857142857,221.3571428571429,79.07142857142857,15070000,1870501.0,65841120,1,14,0,0,27,0,2.0,600,2.0
2007,POR,Portland Trail Blazers,WEST,24.705882352941178,2.7058823529411766,218.76470588235293,79.11764705882354,12000000,2780160.0,75026386,0,17,1,0,30,0,13.0,50000,13.0
2007,SAC,Sacramento Kings,WEST,27.2,5.466666666666667,222.9333333333333,78.66666666666667,12500000,1460460.0,64296611,0,18,0,0,30,0,11.0,3500,11.0
2007,SAS,San Antonio Spurs,WEST,29.4375,6.125,219.0625,79.5,17429672,3000000.0,65654320,1,14,4,2,30,1,3.0,450,3.0
2007,SEA,Seattle SuperSonics,WEST,25.75,3.625,223.875,78.875,14611570,1958640.0,56986831,1,16,1,0,4,0,14.0,10000,14.0
2007,TOR,Toronto Raptors,EAST,25.823529411764707,2.8823529411764706,219.0,78.70588235294117,7280000,2739733.5,51015491,0,18,0,0,4,0,4.0,10000,4.0
2007,UTA,Utah Jazz,WEST,24.933333333333334,2.933333333333333,229.3333333333333,78.86666666666666,12364000,2395200.0,62364364,0,17,0,0,21,0,5.0,8000,5.0
2007,WAS,Washington Wizards,EAST,26.125,4.0625,227.8125,79.875,15101625,1803600.0,62733705,1,16,0,0,3,0,7.0,6500,7.0
