,Season,team,team_full_name,conference,avg_age,avg_exp,avg_weight,avg_height,Odds,highest_salary,median_salary,total_salary,top_players,not_top_players,nb_championships,nb_champ_past_4y,winner,ranking
0,2023,ATL,Atlanta Hawks,EAST,24.7,3.35,211.05,78.5,15000,37096500,2755015.5,148633740,1,19,0,0,0,8
1,2024,ATL,Atlanta Hawks,EAST,25.789473684210527,4.368421052631579,210.6315789473684,78.26315789473684,15000,40064220,2753441.0,157259361,1,21,0,0,0,10
2,2023,BOS,Boston Celtics,EAST,26.72222222222222,5.333333333333333,225.38888888888889,78.94444444444444,300,30351780,3903140.5,175733265,0,18,17,0,0,2
3,2024,BOS,Boston Celtics,EAST,25.894736842105264,4.684210526315789,216.6315789473684,79.26315789473684,300,36861707,2019706.0,183679244,1,20,18,1,1,1
4,2023,BRK,Brooklyn Nets,EAST,27.0,5.12,218.56,78.8,100000,35448672,2138160.0,157516641,1,22,0,0,0,6
5,2024,BRK,Brooklyn Nets,EAST,25.09523809523809,3.809523809523809,214.0952380952381,78.23809523809524,100000,37893408,2210040.0,152943858,1,22,0,0,0,11
6,2023,CHI,Chicago Bulls,EAST,26.666666666666668,5.277777777777778,213.0,78.05555555555556,50000,37096500,1836090.0,149421485,1,22,6,0,0,10
7,2024,CHI,Chicago Bulls,EAST,26.11111111111111,4.388888888888889,213.94444444444449,78.38888888888889,50000,40064220,3350760.0,167689263,1,22,6,0,0,9
8,2023,CHO,Charlotte Hornets,EAST,24.473684210526315,3.421052631578948,207.1578947368421,79.0,100000,30075000,2372565.0,124541054,1,21,0,0,0,14
9,2024,CHO,Charlotte Hornets,EAST,25.07692307692308,3.615384615384616,205.15384615384616,78.57692307692308,100000,29682540,3191400.0,138530978,1,24,0,0,0,13
10,2023,CLE,Cleveland Cavaliers,EAST,26.944444444444443,5.388888888888889,220.5,78.44444444444444,5000,30913750,2000000.0,149251300,1,20,1,0,0,4
11,2024,CLE,Cleveland Cavaliers,EAST,26.0,4.555555555555555,217.27777777777777,79.0,5000,34005250,2229365.5,164211423,2,22,1,0,0,4
12,2023,DAL,Dallas Mavericks,WEST,28.0,5.913043478260869,211.5217391304348,77.73913043478261,1000,38917057,1936204.0,173241988,2,20,1,0,0,11
13,2024,DAL,Dallas Mavericks,WEST,26.0,4.727272727272728,215.5,78.5909090909091,1000,40064220,2541022.0,163631110,2,20,1,0,0,5
14,2023,DEN,Denver Nuggets,WEST,26.666666666666668,5.611111111111111,221.61111111111111,78.55555555555556,750,33047803,2808600.0,159119037,1,16,1,1,1,1
15,2024,DEN,Denver Nuggets,WEST,26.294117647058822,4.882352941176471,221.23529411764707,79.11764705882354,750,47607350,2367300.0,177890198,1,17,1,1,0,2
16,2023,DET,Detroit Pistons,EAST,24.27272727272728,3.136363636363636,217.54545454545453,78.68181818181819,100000,19550000,4124280.0,126605293,0,25,3,0,0,15
17,2024,DET,Detroit Pistons,EAST,25.806451612903224,4.387096774193548,215.6129032258065,78.58064516129032,100000,19928571,4000000.0,136207675,0,25,3,0,0,15
18,2023,GSW,Golden State Warriors,WEST,26.166666666666668,5.222222222222222,209.0555555555556,78.05555555555556,3000,48070014,2226000.0,189502439,2,19,5,1,0,6
19,2024,GSW,Golden State Warriors,WEST,27.166666666666668,5.833333333333333,207.5555555555556,77.55555555555556,3000,51915615,3352440.0,206814776,2,17,5,1,0,10
20,2023,HOU,Houston Rockets,WEST,23.61111111111111,2.555555555555556,221.0,78.72222222222223,10000,40866760,3359160.0,136542494,1,24,2,0,0,14
21,2024,HOU,Houston Rockets,WEST,25.823529411764707,3.823529411764706,221.05882352941177,78.82352941176471,10000,40806300,3531720.0,153204959,1,21,2,0,0,11
22,2023,IND,Indiana Pacers,EAST,25.4,3.55,212.1,78.5,5000,35069500,2573760.0,122145349,1,24,3,0,0,11
23,2024,IND,Indiana Pacers,EAST,25.5,3.863636363636364,214.77272727272728,78.68181818181819,5000,37893408,2696280.0,145587839,1,24,3,0,0,6
24,2023,LAC,Los Angeles Clippers,WEST,28.23809523809524,6.857142857142857,211.42857142857144,78.28571428571429,3000,42492492,2798291.0,191189228,2,18,0,0,0,5
25,2024,LAC,Los Angeles Clippers,WEST,28.38095238095238,6.714285714285714,214.8095238095238,78.52380952380952,3000,45640084,3039993.5,200060815,2,18,0,0,0,4
26,2023,LAL,Los Angeles Lakers,WEST,26.692307692307693,5.346153846153846,212.03846153846155,78.11538461538461,3000,44474988,1857405.0,167412786,2,18,12,1,0,7
27,2024,LAL,Los Angeles Lakers,WEST,25.61904761904762,4.523809523809524,214.52380952380952,79.04761904761905,3000,47607350,2165000.0,168113984,2,19,12,0,0,8
28,2023,MEM,Memphis Grizzlies,WEST,24.05263157894737,3.0526315789473686,218.31578947368425,77.63157894736842,4000,28946605,2444320.0,126788905,1,19,0,0,0,2
29,2024,MEM,Memphis Grizzlies,WEST,24.96969696969697,3.060606060606061,214.939393939394,77.93939393939394,4000,34005250,2400000.0,160019663,1,24,0,0,0,13
30,2023,MIA,Miami Heat,EAST,27.7,5.55,219.6,78.8,4000,37653300,1815677.0,149093861,2,20,3,0,0,7
31,2024,MIA,Miami Heat,EAST,27.38095238095238,5.666666666666667,211.3333333333333,78.0,4000,45183960,2352000.0,174695832,1,20,3,0,0,8
32,2023,MIL,Milwaukee Bucks,EAST,29.476190476190474,7.476190476190476,220.3809523809524,78.85714285714286,1100,42492492,2485200.0,178933725,2,17,2,1,0,1
33,2024,MIL,Milwaukee Bucks,EAST,28.285714285714285,6.714285714285714,217.23809523809524,78.38095238095238,1100,45640084,2019706.0,182226590,2,18,2,1,0,3
34,2023,MIN,Minnesota Timberwolves,WEST,25.5,4.4,214.6,78.15,850,38172414,1930681.0,143519708,2,19,0,0,0,8
35,2024,MIN,Minnesota Timberwolves,WEST,25.894736842105264,5.105263157894737,216.05263157894737,78.73684210526316,850,41000000,2320000.0,164428789,2,19,0,0,0,3
36,2023,NOP,New Orleans Pelicans,WEST,25.58823529411765,4.294117647058823,211.64705882352945,78.41176470588235,5000,33333333,3605400.0,147340203,2,18,0,0,0,9
37,2024,NOP,New Orleans Pelicans,WEST,25.2,3.35,212.5,78.35,5000,35802469,1836096.0,164937685,3,20,0,0,0,7
38,2023,NYK,New York Knicks,EAST,25.0,4.055555555555555,216.27777777777777,78.11111111111111,725,27733332,1601680.0,146839447,0,24,2,0,0,5
39,2024,NYK,New York Knicks,EAST,26.807692307692307,5.0,216.5,78.46153846153847,725,28226880,1836096.0,165734884,0,25,2,0,0,2
40,2023,OKC,Oklahoma City Thunder,WEST,23.21052631578948,2.1052631578947367,210.1578947368421,79.21052631578948,900,30913750,3046200.0,148489515,1,24,0,0,0,10
41,2024,OKC,Oklahoma City Thunder,WEST,24.90909090909091,3.409090909090909,209.63636363636363,79.04545454545455,900,33386850,2588400.0,160502705,2,23,0,0,0,1
42,2023,ORL,Orlando Magic,EAST,23.85,3.2,220.6,79.4,8000,17400000,3433320.0,125177282,0,21,0,0,0,13
43,2024,ORL,Orlando Magic,EAST,24.444444444444443,3.333333333333333,221.8333333333333,79.27777777777777,8000,17400000,6392625.5,130964229,0,18,0,0,0,5
44,2023,PHI,Philadelphia 76ers,EAST,25.95238095238096,4.714285714285714,217.9047619047619,78.28571428571429,1400,37633050,2125200.0,149571525,3,18,2,0,0,3
45,2024,PHI,Philadelphia 76ers,EAST,27.821428571428573,6.428571428571429,214.1071428571429,78.10714285714286,1400,47607350,2019706.0,166735219,2,23,2,0,0,7
46,2023,PHO,Phoenix Suns,WEST,27.6,5.75,216.0,78.4,3500,44119845,1836090.0,172327721,1,19,0,0,0,4
47,2024,PHO,Phoenix Suns,WEST,27.681818181818183,6.5,223.27272727272728,78.22727272727273,3500,47649433,2623236.5,191331329,2,20,0,0,0,6
48,2023,POR,Portland Trail Blazers,WEST,24.5,3.333333333333333,209.91666666666663,78.20833333333333,100000,42492492,1836090.0,144235655,1,24,1,0,0,13
49,2024,POR,Portland Trail Blazers,WEST,24.27272727272728,2.3181818181818183,215.1818181818182,78.9090909090909,100000,32459438,1951220.0,165919847,0,25,1,0,0,15
50,2023,SAC,Sacramento Kings,WEST,25.65,4.05,216.1,78.9,6600,30351780,1906496.5,134629166,1,23,0,0,0,3
51,2024,SAC,Sacramento Kings,WEST,26.15,4.1,212.85,78.9,6600,32600060,2019706.0,149993550,2,23,0,0,0,9
52,2023,SAS,San Antonio Spurs,WEST,23.65217391304348,3.0,218.1304347826087,78.8695652173913,10000,13750000,2600000.0,101438004,0,25,5,0,0,15
53,2024,SAS,San Antonio Spurs,WEST,23.4,2.55,214.9,78.95,10000,20000000,4341600.0,140908582,0,25,5,0,0,14
54,2023,TOR,Toronto Raptors,EAST,25.75,4.3,213.85,78.95,50000,35448672,1836090.0,149485166,1,24,1,0,0,9
55,2024,TOR,Toronto Raptors,EAST,25.9,4.266666666666667,208.3333333333333,77.96666666666667,50000,23883929,3000000.0,161292652,0,25,1,0,0,12
56,2023,UTA,Utah Jazz,WEST,25.695652173913043,4.3478260869565215,220.95652173913044,78.69565217391305,50000,46295265,2298385.0,147924401,1,24,0,0,0,12
57,2024,UTA,Utah Jazz,WEST,24.23809523809524,3.1904761904761907,220.52380952380952,79.04761904761905,50000,25340000,2586665.0,131557410,0,23,0,0,0,12
58,2023,WAS,Washington Wizards,EAST,25.565217391304348,3.347826086956522,209.2173913043478,78.69565217391305,100000,43279250,1836090.0,150006207,2,21,0,0,0,12
59,2024,WAS,Washington Wizards,EAST,25.166666666666668,3.875,214.5,79.125,100000,27455357,2337720.0,148282937,0,25,0,0,0,14
60,2025,ATL,Atlanta Hawks,EAST,25.3,3.7,217.1052631578948,78.95,15000,43031940,6059520.0,169529070,1,14,0,0,0,
61,2025,BOS,Boston Celtics,EAST,26.318181818181817,4.727272727272728,220.31578947368425,79.31818181818181,300,49700000,3256341.5,201620656,1,15,18,1,0,
62,2025,BRK,Brooklyn Nets,EAST,24.94736842105263,3.947368421052632,214.11111111111111,79.05263157894737,100000,40338144,4041249.0,165717974,1,14,0,0,0,
63,2025,CHI,Chicago Bulls,EAST,24.95238095238096,3.619047619047619,213.5,78.47619047619048,50000,43031940,7000000.0,166079908,1,14,6,0,0,
64,2025,CHO,Charlotte Hornets,EAST,25.5,3.4,210.72222222222223,78.7,100000,35147000,5250000.0,153709214,1,16,0,0,0,
65,2025,CLE,Cleveland Cavaliers,EAST,25.75,4.2,208.26315789473685,77.95,5000,36725670,8500000.0,161102772,2,11,1,0,0,
66,2025,DAL,Dallas Mavericks,WEST,26.571428571428573,5.0,216.26315789473685,79.14285714285714,1000,43031940,4655621.0,175208588,2,14,1,0,0,
67,2025,DEN,Denver Nuggets,WEST,25.714285714285715,4.047619047619048,226.07142857142856,79.28571428571429,750,51415938,3089640.0,177183025,3,10,1,1,0,
68,2025,DET,Detroit Pistons,EAST,24.444444444444443,3.055555555555556,209.4,78.55555555555556,100000,25365854,7850120.0,129091348,0,14,3,0,0,
69,2025,GSW,Golden State Warriors,WEST,26.714285714285715,4.761904761904762,213.0,78.23809523809524,3000,55761216,8390244.0,176598341,1,13,5,1,0,
70,2025,HOU,Houston Rockets,WEST,25.5,3.888888888888889,220.66666666666663,78.66666666666667,10000,42846615,9249960.0,165026987,1,14,2,0,0,
71,2025,IND,Indiana Pacers,EAST,25.05263157894737,3.736842105263158,213.0625,79.10526315789474,5000,42176400,5398950.5,166475639,2,14,3,0,0,
72,2025,LAC,Los Angeles Clippers,WEST,27.15,5.95,216.4705882352941,78.1,3000,49205800,4668000.0,170238451,1,14,0,0,0,
73,2025,LAL,Los Angeles Lakers,WEST,25.7,4.4,216.94117647058823,79.4,3000,48728845,8928571.5,187028846,2,12,12,0,0,
74,2025,MEM,Memphis Grizzlies,WEST,25.05,3.15,213.26666666666668,78.9,4000,36725670,4858705.5,177014145,1,15,0,0,0,
75,2025,MIA,Miami Heat,EAST,26.7,5.05,218.75,78.0,4000,48798677,4655040.0,184058374,1,12,3,0,0,
76,2025,MIL,Milwaukee Bucks,EAST,27.157894736842103,5.368421052631579,219.11111111111111,79.0,1100,48787676,2764507.0,191009786,2,12,2,0,0,
77,2025,MIN,Minnesota Timberwolves,WEST,26.21052631578948,4.578947368421052,220.53333333333333,79.26315789473684,850,49205800,5287710.0,205560682,3,11,0,0,0,
78,2025,NOP,New Orleans Pelicans,WEST,25.75,3.15,210.94117647058823,78.4,5000,36725670,5159854.0,163702985,3,8,0,0,0,
79,2025,NYK,New York Knicks,EAST,25.94736842105263,4.473684210526316,216.4,78.15789473684211,725,36637932,11445000.0,173561472,1,12,2,0,0,
80,2025,OKC,Oklahoma City Thunder,WEST,24.21052631578948,2.3684210526315788,204.8333333333333,78.6842105263158,900,35859950,6669000.0,159241956,1,14,0,0,0,
81,2025,ORL,Orlando Magic,EAST,25.09523809523809,4.0,213.85,78.71428571428571,8000,25000000,9057971.0,150359238,0,15,0,0,0,
82,2025,PHI,Philadelphia 76ers,EAST,27.21052631578948,5.842105263157895,219.92857142857144,77.6842105263158,1400,51415938,7975000.0,176179246,2,9,2,0,0,
83,2025,PHO,Phoenix Suns,WEST,28.047619047619047,5.761904761904762,215.76470588235293,78.33333333333333,3500,51179021,8250000.0,219627801,3,10,0,0,0,
84,2025,POR,Portland Trail Blazers,WEST,24.42105263157895,3.1578947368421053,209.94444444444449,79.21052631578948,100000,34005126,6614160.0,167086613,1,16,1,0,0,
85,2025,SAC,Sacramento Kings,WEST,26.15,4.45,211.8125,78.5,6600,40500000,8000000.0,167640684,2,11,0,0,0,
86,2025,SAS,San Antonio Spurs,WEST,24.38095238095238,3.6666666666666665,208.27777777777777,78.61904761904762,10000,29347826,9104643.5,142918889,1,13,5,0,0,
87,2025,TOR,Toronto Raptors,EAST,25.36842105263158,3.631578947368421,210.6153846153846,78.21052631578948,50000,32500000,10130980.0,155718137,1,12,1,0,0,
88,2025,UTA,Utah Jazz,WEST,24.6,3.45,216.3125,78.6,50000,42176400,5469120.0,128678582,2,9,0,0,0,
89,2025,WAS,Washington Wizards,EAST,24.94117647058824,3.941176470588236,219.5,79.47058823529412,100000,29651786,6692959.0,158877689,0,16,0,0,0,
90,2020,ATL,Atlanta Hawks,EAST,25.714285714285715,4.142857142857143,216.66666666666663,78.71428571428571,15000,25102511,2564753.0,113286743,1,21,0,0,0,14
91,2021,ATL,Atlanta Hawks,EAST,25.666666666666668,4.388888888888889,213.16666666666663,77.83333333333333,15000,19500000,4612500.0,115195055,0,18,0,0,0,5
92,2022,ATL,Atlanta Hawks,EAST,25.916666666666668,4.125,213.625,78.25,15000,23000000,2659560.0,133731629,0,25,0,0,0,9
93,2020,BOS,Boston Celtics,EAST,24.529411764705884,2.411764705882353,224.8235294117647,78.0,300,32742000,2158680.0,118272499,2,18,17,0,0,3
94,2021,BOS,Boston Celtics,EAST,24.904761904761905,3.571428571428572,224.0952380952381,78.04761904761905,300,34379100,2205960.0,130767745,1,19,17,0,0,7
95,2022,BOS,Boston Celtics,EAST,26.428571428571427,4.857142857142857,221.07142857142856,78.64285714285714,300,28103550,606702.0,134288148,2,23,17,0,0,2
96,2020,BRK,Brooklyn Nets,EAST,26.08333333333333,4.75,216.25,78.41666666666667,100000,37199000,1805418.0,126998206,2,22,0,0,0,7
97,2021,BRK,Brooklyn Nets,EAST,27.0,5.481481481481482,221.88888888888889,78.81481481481481,100000,41254920,1517981.0,166561612,3,20,0,0,0,2
98,2022,BRK,Brooklyn Nets,EAST,28.541666666666668,7.041666666666667,218.25,78.04166666666667,100000,40918900,2320000.0,172646771,2,23,0,0,0,7
99,2020,CHI,Chicago Bulls,EAST,24.176470588235293,2.647058823529412,219.23529411764707,79.0,50000,27250576,3377569.0,115583743,1,18,6,0,0,11
100,2021,CHI,Chicago Bulls,EAST,25.5,4.045454545454546,220.77272727272728,79.13636363636364,50000,26000000,5572680.0,127968089,1,16,6,0,0,11
101,2022,CHI,Chicago Bulls,EAST,25.09090909090909,3.636363636363636,213.27272727272728,78.27272727272727,50000,26000000,1481552.0,135372441,0,24,6,0,0,6
102,2020,CHO,Charlotte Hornets,EAST,24.875,3.75,219.375,78.1875,100000,25565217,2716067.5,122575891,1,17,0,0,0,9
103,2021,CHO,Charlotte Hornets,EAST,24.23529411764705,2.588235294117647,215.8823529411765,78.05882352941177,100000,28500000,2875000.0,107134070,1,17,0,0,0,10
104,2022,CHO,Charlotte Hornets,EAST,24.73684210526316,3.684210526315789,212.21052631578948,78.57894736842105,100000,29925000,4154400.0,120048268,1,18,0,0,0,10
105,2020,CLE,Cleveland Cavaliers,EAST,24.476190476190474,3.1904761904761907,221.8095238095238,78.0952380952381,5000,28942830,2035800.0,131181714,2,21,1,0,0,15
106,2021,CLE,Cleveland Cavaliers,EAST,25.28,3.84,223.68,78.76,5000,31258256,1620564.0,126527288,2,23,1,0,0,13
107,2022,CLE,Cleveland Cavaliers,EAST,25.923076923076923,4.0,216.65384615384616,78.57692307692308,5000,31258256,1782621.0,135568628,1,24,1,0,0,8
108,2020,DAL,Dallas Mavericks,WEST,26.84210526315789,4.157894736842105,216.8947368421053,78.36842105263158,1000,27285000,3280920.0,122798302,1,20,1,0,0,7
109,2021,DAL,Dallas Mavericks,WEST,26.473684210526315,4.157894736842105,217.68421052631572,78.94736842105263,1000,29467800,3948718.0,125665404,1,17,1,0,0,5
110,2022,DAL,Dallas Mavericks,WEST,26.48148148148148,4.25925925925926,217.92592592592592,78.5925925925926,1000,21306816,2957520.0,123647313,0,25,1,0,0,4
111,2020,DEN,Denver Nuggets,WEST,24.666666666666668,3.380952380952381,220.42857142857144,79.23809523809524,750,30500000,2282376.5,130043323,2,16,0,0,0,3
112,2021,DEN,Denver Nuggets,WEST,25.363636363636363,3.863636363636364,218.22727272727272,78.5,750,29542010,2379840.0,128479406,2,17,0,0,0,3
113,2022,DEN,Denver Nuggets,WEST,26.363636363636363,4.2727272727272725,214.5,77.9090909090909,750,30510423,2498760.0,136777556,2,19,0,0,0,6
114,2020,DET,Detroit Pistons,EAST,25.454545454545453,3.954545454545455,210.8636363636364,77.54545454545455,100000,34234964,2241808.0,131024108,1,22,3,0,0,13
115,2021,DET,Detroit Pistons,EAST,24.714285714285715,3.9047619047619047,215.3809523809524,77.95238095238095,100000,32670565,2993873.5,115007448,1,19,3,0,0,15
116,2022,DET,Detroit Pistons,EAST,24.11111111111111,2.4074074074074074,212.5185185185185,77.96296296296296,100000,29764126,2824320.0,128999275,1,24,3,0,0,14
117,2020,GSW,Golden State Warriors,WEST,24.545454545454547,2.772727272727273,213.04545454545453,77.81818181818181,3000,40231758,870318.5,131527930,3,15,4,2,0,15
118,2021,GSW,Golden State Warriors,WEST,25.444444444444443,3.555555555555556,210.27777777777777,77.83333333333333,3000,43006362,1691680.0,169342796,2,16,4,1,0,8
119,2022,GSW,Golden State Warriors,WEST,27.352941176470587,5.352941176470588,204.64705882352945,77.29411764705883,3000,45780966,2389641.0,178338220,2,17,5,1,1,3
120,2020,HOU,Houston Rockets,WEST,28.761904761904763,7.047619047619048,218.7619047619048,78.23809523809524,10000,38506482,1416852.0,131293343,2,21,2,0,0,4
121,2021,HOU,Houston Rockets,WEST,25.83333333333333,4.266666666666667,217.8333333333333,77.76666666666667,10000,41254920,1620564.0,128087962,1,24,2,0,0,15
122,2022,HOU,Houston Rockets,WEST,24.42105263157895,3.263157894736842,212.0,77.26315789473684,10000,44310840,2000000.0,129096006,1,24,2,0,0,15
123,2020,IND,Indiana Pacers,EAST,24.823529411764707,3.235294117647059,212.58823529411765,78.0,5000,21000000,3158380.0,114208526,0,18,3,0,0,4
124,2021,IND,Indiana Pacers,EAST,25.25,3.55,210.6,77.95,5000,20700000,2651580.0,127861935,0,20,3,0,0,9
125,2022,IND,Indiana Pacers,EAST,25.821428571428573,3.2142857142857144,212.5,77.82142857142857,5000,22477273,2245400.0,135200909,0,25,3,0,0,13
126,2020,LAC,Los Angeles Clippers,WEST,26.65,5.1,214.85,78.15,3000,33005556,2331593.0,134125011,2,17,0,0,0,2
127,2021,LAC,Los Angeles Clippers,WEST,27.6,6.5,218.25,78.3,3000,35450412,2349134.0,137405304,2,16,0,0,0,4
128,2022,LAC,Los Angeles Clippers,WEST,26.782608695652176,5.391304347826087,215.17391304347825,78.6086956521739,3000,39344970,1789256.0,166832670,2,19,0,0,0,8
129,2020,LAL,Los Angeles Lakers,WEST,28.05,7.15,220.3,78.25,3000,37436858,2564753.0,125433839,2,21,12,1,1,1
130,2021,LAL,Los Angeles Lakers,WEST,27.894736842105264,6.578947368421052,224.7894736842105,78.89473684210526,3000,39219566,1797183.0,136923741,2,19,12,1,0,7
131,2022,LAL,Los Angeles Lakers,WEST,29.04,8.12,212.88,77.24,3000,44211146,2401537.0,163495811,3,22,12,1,0,11
132,2020,MEM,Memphis Grizzlies,WEST,24.80952380952381,3.0,218.8571428571429,78.66666666666667,4000,16229213,2478840.0,128723064,0,25,0,0,0,9
133,2021,MEM,Memphis Grizzlies,WEST,24.11111111111111,2.7222222222222223,217.44444444444449,78.27777777777777,4000,16587688,2676460.0,130193477,0,22,0,0,0,9
134,2022,MEM,Memphis Grizzlies,WEST,23.60869565217392,2.0434782608695654,215.2608695652174,78.26086956521739,4000,17073171,2692991.0,115523049,0,25,0,0,0,2
135,2020,MIA,Miami Heat,EAST,26.52380952380953,4.9523809523809526,220.0952380952381,78.47619047619048,4000,32742000,3009416.5,133841791,1,19,3,0,0,5
136,2021,MIA,Miami Heat,EAST,28.047619047619047,6.333333333333333,219.8095238095238,78.95238095238095,4000,34379100,2582160.0,132331277,1,18,3,0,0,6
137,2022,MIA,Miami Heat,EAST,27.454545454545453,4.909090909090909,217.63636363636363,78.0,4000,36016200,1669178.0,139811953,2,23,3,0,0,1
138,2020,MIL,Milwaukee Bucks,EAST,28.41176470588235,7.117647058823529,225.23529411764707,79.05882352941177,1100,30603448,2735276.5,135025925,1,21,1,0,0,1
139,2021,MIL,Milwaukee Bucks,EAST,27.0,4.681818181818182,220.45454545454547,78.22727272727273,1100,33051724,2101345.5,132074345,2,18,2,1,1,3
140,2022,MIL,Milwaukee Bucks,EAST,27.2,5.133333333333334,219.4333333333333,78.46666666666667,1100,39344970,1729217.0,158654158,2,23,2,1,0,3
141,2020,MIN,Minnesota Timberwolves,WEST,24.416666666666668,3.2916666666666665,215.16666666666663,78.08333333333333,850,27285000,2631197.0,132547645,2,16,0,0,0,14
142,2021,MIN,Minnesota Timberwolves,WEST,23.4375,3.0625,208.1875,77.875,850,29467800,4383217.5,128890063,2,14,0,0,0,13
143,2022,MIN,Minnesota Timberwolves,WEST,24.55555555555556,3.4444444444444446,215.0,77.88888888888889,850,31650600,2353320.0,136017549,2,17,0,0,0,7
144,2020,NOP,New Orleans Pelicans,WEST,24.823529411764707,3.294117647058824,217.7058823529412,77.70588235294117,5000,26131111,4482302.0,117709161,1,17,0,0,0,13
145,2021,NOP,New Orleans Pelicans,WEST,25.476190476190474,3.7142857142857135,215.66666666666663,78.14285714285714,5000,29592695,3113160.0,132616252,2,17,0,0,0,11
146,2022,NOP,New Orleans Pelicans,WEST,25.63636363636364,3.727272727272727,208.0,77.72727272727273,5000,30864198,1700000.0,134623097,2,23,0,0,0,9
147,2020,NYK,New York Knicks,EAST,24.764705882352946,3.882352941176471,216.58823529411765,78.0,725,18000000,4463640.0,111355759,0,19,2,0,0,12
148,2021,NYK,New York Knicks,EAST,25.157894736842103,4.2105263157894735,212.57894736842104,77.84210526315789,725,18900000,3500000.0,100079878,0,25,2,0,0,4
149,2022,NYK,New York Knicks,EAST,25.695652173913043,4.173913043478261,213.4782608695652,78.04347826086956,725,19800000,2210640.0,119711411,0,25,2,0,0,11
150,2020,OKC,Oklahoma City Thunder,WEST,24.5,3.388888888888889,216.16666666666663,78.44444444444444,900,38506482,2028594.0,133820365,1,18,0,0,0,5
151,2021,OKC,Oklahoma City Thunder,WEST,23.818181818181817,2.6818181818181817,211.27272727272728,79.13636363636364,900,27500000,2283034.0,94780631,1,24,0,0,0,14
152,2022,OKC,Oklahoma City Thunder,WEST,23.65384615384616,1.7307692307692308,210.19230769230768,78.88461538461539,900,26238422,1782621.0,80320854,1,24,0,0,0,14
153,2020,ORL,Orlando Magic,EAST,26.0,3.789473684210526,212.31578947368425,78.52631578947368,8000,28000000,3000000.0,133294669,1,20,0,0,0,8
154,2021,ORL,Orlando Magic,EAST,24.857142857142858,3.4285714285714284,213.67857142857144,77.89285714285714,8000,28489239,2586036.0,114211579,1,22,0,0,0,14
155,2022,ORL,Orlando Magic,EAST,24.454545454545453,2.772727272727273,214.0,78.0,8000,20482143,3277080.0,125358212,0,25,0,0,0,15
156,2020,PHI,Philadelphia 76ers,EAST,25.789473684210527,4.0,218.4736842105264,78.42105263157895,1400,32742000,2028594.0,131997240,3,16,2,0,0,6
157,2021,PHI,Philadelphia 76ers,EAST,25.95652173913044,4.260869565217392,216.8260869565217,78.47826086956522,1400,34358850,1732194.5,146167304,3,17,2,0,0,1
158,2022,PHI,Philadelphia 76ers,EAST,26.39130434782609,5.0,219.08695652173915,78.56521739130434,1400,44310840,1517981.0,147997711,3,21,2,0,0,4
159,2020,PHO,Phoenix Suns,WEST,24.105263157894736,2.473684210526316,207.94736842105263,78.10526315789474,3500,27285000,3481986.0,121137310,1,18,0,0,0,10
160,2021,PHO,Phoenix Suns,WEST,26.294117647058822,4.352941176470588,213.23529411764707,78.11764705882354,3500,41358814,3925000.0,127115196,2,15,0,0,0,2
161,2022,PHO,Phoenix Suns,WEST,26.82608695652174,4.521739130434782,216.5217391304348,78.43478260869566,3500,31650600,3768342.0,135742648,2,21,0,0,0,1
162,2020,POR,Portland Trail Blazers,WEST,25.35,4.65,225.1,79.3,100000,29802321,2105520.0,137375609,2,19,1,0,0,8
163,2021,POR,Portland Trail Blazers,WEST,25.529411764705884,4.941176470588236,217.2941176470588,78.29411764705883,100000,31626953,2548235.0,130336680,2,16,1,0,0,6
164,2022,POR,Portland Trail Blazers,WEST,24.96296296296296,3.703703703703704,214.59259259259252,77.55555555555556,100000,39344900,1789256.0,123351452,1,24,1,0,0,13
165,2020,SAC,Sacramento Kings,WEST,26.08695652173913,4.304347826086956,218.69565217391303,79.17391304347827,6600,24147727,3655000.0,117679921,1,21,0,0,0,12
166,2021,SAC,Sacramento Kings,WEST,24.875,3.4166666666666665,217.04166666666663,78.70833333333333,6600,24701834,1569272.5,104931498,2,20,0,0,0,12
167,2022,SAC,Sacramento Kings,WEST,25.15384615384616,4.269230769230769,215.34615384615384,78.65384615384616,6600,28103500,3866000.0,129677197,1,21,0,0,0,12
168,2020,SAS,San Antonio Spurs,WEST,26.22222222222222,5.111111111111111,220.44444444444449,78.77777777777777,10000,27739975,2875000.0,123395102,2,17,5,0,0,11
169,2021,SAS,San Antonio Spurs,WEST,25.61111111111111,4.555555555555555,218.94444444444449,78.61111111111111,10000,27739975,2892000.0,128746873,1,20,5,0,0,10
170,2022,SAS,San Antonio Spurs,WEST,25.166666666666668,3.5416666666666665,214.54166666666663,78.25,10000,18620165,3804360.0,126730143,0,25,5,0,0,10
171,2020,TOR,Toronto Raptors,EAST,25.27777777777778,3.388888888888889,213.11111111111111,77.88888888888889,50000,33296296,1935015.5,123355096,2,18,1,1,0,2
172,2021,TOR,Toronto Raptors,EAST,25.77272727272728,3.6818181818181817,215.1818181818182,78.22727272727273,50000,30559200,1950600.0,128120879,2,19,1,1,0,12
173,2022,TOR,Toronto Raptors,EAST,24.73913043478261,3.347826086956522,211.7391304347826,78.30434782608695,50000,33003936,1746006.5,133867382,1,23,1,1,0,5
174,2020,UTA,Utah Jazz,WEST,25.85,3.5,217.55,77.45,50000,32511623,1707999.5,121096122,2,18,0,0,0,6
175,2021,UTA,Utah Jazz,WEST,26.72222222222222,4.277777777777778,223.16666666666663,78.0,50000,34504132,1880278.5,135745577,2,16,0,0,0,1
176,2022,UTA,Utah Jazz,WEST,27.25,4.625,225.41666666666663,78.45833333333333,50000,35344828,1782621.0,148201946,1,22,0,0,0,5
177,2020,WAS,Washington Wizards,EAST,25.26086956521739,3.3043478260869565,210.2173913043478,77.52173913043478,100000,38199000,1845301.0,129994563,1,22,0,0,0,10
178,2021,WAS,Washington Wizards,EAST,25.142857142857142,3.7142857142857135,216.9047619047619,79.14285714285714,100000,41358814,2053650.5,129669262,2,18,0,0,0,8
179,2022,WAS,Washington Wizards,EAST,25.58620689655172,3.3793103448275863,215.3448275862069,78.20689655172414,100000,33724200,1517981.0,127094532,2,23,0,0,0,12
180,2015,ATL,Atlanta Hawks,EAST,27.0,4.75,224.25,78.75,15000,12000000,2000000.0,58337671,1,16,0,0,0,1
181,2016,ATL,Atlanta Hawks,EAST,27.352941176470587,5.294117647058823,218.0,78.58823529411765,15000,19000000,2435000.0,71453126,1,15,0,0,0,4
182,2017,ATL,Atlanta Hawks,EAST,28.2,5.9,222.05,78.8,15000,23180275,2299942.5,96007250,2,18,0,0,0,5
183,2018,ATL,Atlanta Hawks,EAST,25.5,2.6818181818181817,208.1818181818182,78.36363636363636,15000,16910113,1662500.0,99574321,0,25,0,0,0,15
184,2019,ATL,Atlanta Hawks,EAST,25.0,3.1818181818181817,219.13636363636363,79.13636363636364,15000,25534253,2275020.0,107076435,1,23,0,0,0,12
185,2015,BOS,Boston Celtics,EAST,26.13636363636364,4.545454545454546,218.45454545454547,78.22727272727273,300,10105855,2075760.0,61092622,0,21,17,0,0,7
186,2016,BOS,Boston Celtics,EAST,24.58823529411765,3.0588235294117645,221.8235294117647,78.29411764705883,300,15493680,2107778.5,77202316,1,21,17,0,0,5
187,2017,BOS,Boston Celtics,EAST,25.133333333333333,4.2,219.53333333333333,77.86666666666666,300,26540100,2500227.0,93465328,1,19,17,0,0,1
188,2018,BOS,Boston Celtics,EAST,25.3,2.7,219.85,77.6,300,29727900,1988520.0,115075693,2,19,17,0,0,2
189,2019,BOS,Boston Celtics,EAST,25.58823529411765,3.764705882352941,225.1764705882353,78.47058823529412,300,31214295,2667600.0,125541941,2,17,17,0,0,4
190,2015,BRK,Brooklyn Nets,EAST,27.36842105263158,5.0,224.94736842105263,79.57894736842105,100000,23180790,2405920.0,91873492,2,14,0,0,0,9
191,2016,BRK,Brooklyn Nets,EAST,25.764705882352946,4.176470588235294,220.2941176470588,78.88235294117646,100000,24894863,1237860.0,83831503,2,18,0,0,0,14
192,2017,BRK,Brooklyn Nets,EAST,25.666666666666668,3.4761904761904763,222.0952380952381,78.61904761904762,100000,21165675,1395600.0,84006170,1,24,0,0,0,15
193,2018,BRK,Brooklyn Nets,EAST,25.09090909090909,3.3181818181818183,220.3636363636364,78.77272727272727,100000,19332500,1709538.0,95964560,1,20,0,0,0,12
194,2019,BRK,Brooklyn Nets,EAST,25.210526315789476,3.473684210526316,216.94736842105263,78.15789473684211,100000,18919725,2099800.5,118271871,0,22,0,0,0,7
195,2015,CHI,Chicago Bulls,EAST,28.071428571428573,5.857142857142857,219.5,79.07142857142857,50000,18862875,2277960.0,81244225,1,16,6,0,0,3
196,2016,CHI,Chicago Bulls,EAST,27.375,5.0625,222.0,79.25,50000,20093063,2380440.0,85385898,1,14,6,0,0,9
197,2017,CHI,Chicago Bulls,EAST,25.77777777777778,3.7777777777777777,220.38888888888889,78.44444444444444,50000,23200000,2092200.0,92571387,1,16,6,0,0,8
198,2018,CHI,Chicago Bulls,EAST,24.52380952380953,2.4761904761904763,221.47619047619048,78.57142857142857,50000,15550000,2186400.0,90133960,0,25,6,0,0,13
199,2019,CHI,Chicago Bulls,EAST,23.727272727272727,2.409090909090909,214.63636363636363,78.18181818181819,50000,26011913,1991520.0,112898444,1,22,6,0,0,13
200,2015,CHO,Charlotte Hornets,EAST,26.058823529411764,4.470588235294118,224.11764705882356,77.58823529411765,100000,13666667,3511045.5,75954458,0,18,0,0,0,11
201,2016,CHO,Charlotte Hornets,EAST,25.88235294117647,4.352941176470588,220.35294117647055,78.47058823529412,100000,13833333,3619278.0,77609865,0,16,0,0,0,6
202,2017,CHO,Charlotte Hornets,EAST,25.789473684210527,4.421052631578948,221.8421052631579,79.3157894736842,100000,20869566,2140829.5,90175926,1,17,0,0,0,11
203,2018,CHO,Charlotte Hornets,EAST,25.47058823529412,4.0,220.58823529411765,78.82352941176471,100000,23500000,2876040.0,117228164,1,15,0,0,0,10
204,2019,CHO,Charlotte Hornets,EAST,25.764705882352946,5.0,215.8823529411765,77.82352941176471,100000,24000000,3627842.0,122327044,0,17,0,0,0,9
205,2015,CLE,Cleveland Cavaliers,EAST,27.95,6.45,229.9,79.15,5000,20644400,2732000.0,82038768,1,14,0,0,0,2
206,2016,CLE,Cleveland Cavaliers,EAST,28.83333333333333,6.777777777777778,228.94444444444449,79.0,5000,22971000,4950000.0,105962520,1,14,1,1,1,1
207,2017,CLE,Cleveland Cavaliers,EAST,30.047619047619047,8.380952380952381,227.0,79.38095238095238,5000,30963450,2025829.5,127254579,1,17,1,1,0,2
208,2018,CLE,Cleveland Cavaliers,EAST,28.863636363636363,7.181818181818182,224.6818181818182,78.0909090909091,5000,33285709,2116955.0,137912382,1,18,1,1,0,4
209,2019,CLE,Cleveland Cavaliers,EAST,26.074074074074076,4.481481481481482,214.66666666666663,78.4074074074074,5000,24119025,2393887.0,124623504,0,21,1,1,0,14
210,2015,DAL,Dallas Mavericks,WEST,28.526315789473685,7.263157894736842,217.6315789473684,78.73684210526316,1000,14700000,1310286.0,83970065,0,21,1,0,0,7
211,2016,DAL,Dallas Mavericks,WEST,29.125,7.1875,225.125,79.3125,1000,16400000,1499187.0,74040317,2,19,1,0,0,6
212,2017,DAL,Dallas Mavericks,WEST,26.75,3.8333333333333335,213.04166666666663,78.04166666666667,1000,25000000,680937.0,103974075,2,23,1,0,0,11
213,2018,DAL,Dallas Mavericks,WEST,26.52173913043478,3.739130434782609,217.5217391304348,78.8695652173913,1000,23112004,1391996.5,86136236,2,22,1,0,0,13
214,2019,DAL,Dallas Mavericks,WEST,27.142857142857142,4.904761904761905,215.23809523809524,78.42857142857143,1000,17325000,1946605.5,88351669,0,22,1,0,0,14
215,2015,DEN,Denver Nuggets,WEST,25.75,4.2,218.75,78.2,750,11595506,1762680.0,56278056,1,18,0,0,0,12
216,2016,DEN,Denver Nuggets,WEST,25.42105263157895,3.947368421052632,218.42105263157896,78.47368421052632,750,14000000,1775860.0,72606354,0,22,0,0,0,11
217,2017,DEN,Denver Nuggets,WEST,25.36842105263158,4.578947368421052,230.57894736842104,79.52631578947368,750,15050000,2200000.0,82573997,0,23,0,0,0,9
218,2018,DEN,Denver Nuggets,WEST,25.77777777777778,4.666666666666667,220.72222222222223,78.66666666666667,750,31269231,2952687.5,107015203,1,17,0,0,0,9
219,2019,DEN,Denver Nuggets,WEST,24.88888888888889,3.333333333333333,217.16666666666663,78.22222222222223,750,29230769,2029463.0,117304721,2,17,0,0,0,2
220,2015,DET,Detroit Pistons,EAST,27.0,5.0,218.95,78.5,100000,14000000,2886240.0,66738182,1,15,3,0,0,12
221,2016,DET,Detroit Pistons,EAST,25.88235294117647,4.117647058823529,221.11764705882356,78.52941176470588,100000,16000000,2500000.0,76638790,1,20,3,0,0,8
222,2017,DET,Detroit Pistons,EAST,25.4,3.6666666666666665,225.66666666666663,79.2,100000,22116750,3678319.0,108968495,1,18,3,0,0,10
223,2018,DET,Detroit Pistons,EAST,26.272727272727277,4.045454545454546,217.8636363636364,78.04545454545455,100000,29727900,2759280.0,118897722,1,20,3,0,0,9
224,2019,DET,Detroit Pistons,EAST,26.35,4.75,217.25,77.75,100000,32088932,2799720.0,125244035,2,17,3,0,0,8
225,2015,GSW,Golden State Warriors,WEST,26.6,5.0,223.46666666666667,79.6,3000,15012000,1145685.0,73623654,1,18,2,1,1,1
226,2016,GSW,Golden State Warriors,WEST,27.25,6.0,224.75,79.5,3000,15500000,3844199.0,93707197,0,16,2,1,0,1
227,2017,GSW,Golden State Warriors,WEST,27.705882352941178,6.705882352941177,222.58823529411765,79.58823529411765,3000,26540100,1171560.0,101725589,1,22,3,2,1,1
228,2018,GSW,Golden State Warriors,WEST,27.764705882352946,6.705882352941177,220.35294117647055,79.70588235294117,3000,34682550,1471382.0,135371746,1,17,4,3,1,2
229,2019,GSW,Golden State Warriors,WEST,27.294117647058822,5.823529411764706,222.64705882352945,79.17647058823529,3000,37457154,1605623.5,146186409,2,16,4,2,0,1
230,2015,HOU,Houston Rockets,WEST,26.6,4.05,215.55,78.5,10000,21436271,1551300.0,87299371,1,21,2,0,0,2
231,2016,HOU,Houston Rockets,WEST,26.88888888888889,5.833333333333333,218.88888888888889,78.61111111111111,10000,22359364,1967302.5,90188412,1,17,2,0,0,8
232,2017,HOU,Houston Rockets,WEST,25.944444444444443,4.611111111111111,213.22222222222223,78.44444444444444,10000,26540100,1398120.0,90498298,2,16,2,0,0,3
233,2018,HOU,Houston Rockets,WEST,27.875,5.791666666666667,212.70833333333331,78.0,10000,28299399,1230186.0,118271480,2,23,2,0,0,1
234,2019,HOU,Houston Rockets,WEST,27.26086956521739,5.695652173913044,218.0434782608696,78.34782608695652,10000,35654150,838464.0,124810135,2,19,2,0,0,3
235,2015,IND,Indiana Pacers,EAST,27.75,4.8125,226.5,79.375,5000,15925680,3135000.0,75174324,1,14,3,0,0,8
236,2016,IND,Indiana Pacers,EAST,25.875,4.5625,222.625,78.6875,5000,17120106,3700000.0,71286088,1,16,3,0,0,7
237,2017,IND,Indiana Pacers,EAST,26.75,5.9375,226.375,78.375,5000,18314532,2463840.0,94008504,0,21,3,0,0,7
238,2018,IND,Indiana Pacers,EAST,25.68421052631579,4.0,223.68421052631575,78.57894736842105,5000,21000000,1524305.0,93669385,1,22,3,0,0,5
239,2019,IND,Indiana Pacers,EAST,25.47058823529412,4.294117647058823,219.23529411764707,78.05882352941177,5000,21000000,2407560.0,110804431,0,23,3,0,0,5
240,2015,LAC,Los Angeles Clippers,WEST,27.95,6.3,214.5,77.9,3000,20068563,1448490.0,80901123,2,17,0,0,0,3
241,2016,LAC,Los Angeles Clippers,WEST,28.83333333333333,6.388888888888889,222.77777777777777,78.72222222222223,3000,21468696,1215322.0,95585714,2,16,0,0,0,4
242,2017,LAC,Los Angeles Clippers,WEST,29.53333333333333,8.266666666666667,224.66666666666663,78.66666666666667,3000,22868827,1877329.5,116237541,0,18,0,0,0,4
243,2018,LAC,Los Angeles Clippers,WEST,26.476190476190474,3.7142857142857135,218.7619047619048,78.57142857142857,3000,22642350,1632991.0,119178226,0,22,0,0,0,10
244,2019,LAC,Los Angeles Clippers,WEST,27.09090909090909,4.727272727272728,216.9090909090909,78.95454545454545,3000,21587579,3375360.0,118370702,0,25,0,0,0,8
245,2015,LAL,Los Angeles Lakers,WEST,25.88888888888889,4.277777777777778,220.22222222222223,78.5,3000,23500000,1199404.5,70914495,1,17,11,0,0,14
246,2016,LAL,Los Angeles Lakers,WEST,27.0,5.133333333333334,227.9333333333333,79.2,3000,25000000,1327393.5,72415125,2,16,11,0,0,15
247,2017,LAL,Los Angeles Lakers,WEST,26.61111111111111,4.944444444444445,219.72222222222223,78.77777777777777,3000,18000000,3267120.0,95226183,0,19,11,0,0,14
248,2018,LAL,Los Angeles Lakers,WEST,25.45833333333333,3.6666666666666665,220.25,79.0,3000,22642350,1353565.5,102260522,1,23,11,0,0,11
249,2019,LAL,Los Angeles Lakers,WEST,25.863636363636363,4.409090909090909,214.45454545454547,79.18181818181819,3000,35654150,2393887.0,107275731,1,19,11,0,0,10
250,2015,MEM,Memphis Grizzlies,WEST,27.473684210526315,5.631578947368421,219.47368421052636,78.42105263157895,4000,16500000,1710560.0,75341226,2,16,0,0,0,5
251,2016,MEM,Memphis Grizzlies,WEST,27.714285714285715,5.535714285714286,214.17857142857144,77.78571428571429,4000,19700000,1201440.0,83200551,1,24,0,0,0,7
252,2017,MEM,Memphis Grizzlies,WEST,27.058823529411764,5.294117647058823,219.23529411764707,78.58823529411765,4000,26540100,1417154.5,111209189,1,21,0,0,0,7
253,2018,MEM,Memphis Grizzlies,WEST,25.33333333333333,3.0416666666666665,211.54166666666663,78.41666666666667,4000,28530608,1312611.0,110735427,3,22,0,0,0,14
254,2019,MEM,Memphis Grizzlies,WEST,26.75,4.571428571428571,214.53571428571428,78.78571428571429,4000,30521116,1378242.0,124877079,1,23,0,0,0,12
255,2015,MIA,Miami Heat,EAST,27.428571428571427,5.380952380952381,218.57142857142856,78.66666666666667,4000,20644400,2732000.0,82351805,1,16,3,2,0,10
256,2016,MIA,Miami Heat,EAST,28.5,7.25,220.4,78.8,4000,22192730,1834826.0,85826352,2,14,3,1,0,3
257,2017,MIA,Miami Heat,EAST,26.6,4.533333333333333,219.66666666666663,78.73333333333333,4000,23741060,2745720.0,101818405,2,18,3,0,0,9
258,2018,MIA,Miami Heat,EAST,26.36842105263158,4.526315789473684,218.6315789473684,78.05263157894737,4000,25289390,2232259.5,129458084,0,20,3,0,0,6
259,2019,MIA,Miami Heat,EAST,27.27777777777778,5.555555555555555,222.5,78.55555555555556,4000,26837720,2955840.0,151716389,0,19,3,0,0,10
260,2015,MIL,Milwaukee Bucks,EAST,24.85,3.55,220.4,78.8,1100,11000000,1873200.0,61443341,0,21,1,0,0,6
261,2016,MIL,Milwaukee Bucks,EAST,24.58823529411765,3.235294117647059,224.52941176470588,79.3529411764706,1100,16400000,2109294.0,70993573,2,15,1,0,0,12
262,2017,MIL,Milwaukee Bucks,EAST,25.894736842105264,4.368421052631579,225.1578947368421,79.84210526315789,1100,17100000,2468463.5,106512121,0,20,1,0,0,6
263,2018,MIL,Milwaukee Bucks,EAST,25.875,3.9166666666666665,219.54166666666663,78.58333333333333,1100,22471910,1709538.0,115375243,0,25,1,0,0,7
264,2019,MIL,Milwaukee Bucks,EAST,26.416666666666668,4.875,218.75,78.58333333333333,1100,24157304,2534280.0,125890474,0,21,1,0,0,1
265,2015,MIN,Minnesota Timberwolves,WEST,25.72,3.68,224.92,79.32,850,12100000,2013900.0,64733364,0,18,0,0,0,15
266,2016,MIN,Minnesota Timberwolves,WEST,26.875,5.0625,225.8125,79.75,850,12365000,2148360.0,72458417,0,17,0,0,0,13
267,2017,MIN,Minnesota Timberwolves,WEST,25.625,3.8125,219.25,78.6875,850,13550000,3500000.0,81621379,0,19,0,0,0,13
268,2018,MIN,Minnesota Timberwolves,WEST,26.875,5.1875,216.875,78.6875,850,19301070,3098739.5,105179926,0,18,0,0,0,8
269,2019,MIN,Minnesota Timberwolves,WEST,26.80952380952381,4.619047619047619,219.33333333333331,78.0952380952381,850,25467250,2285073.5,121968101,1,21,0,0,0,11
270,2015,NOP,New Orleans Pelicans,WEST,25.476190476190474,3.6666666666666665,213.7142857142857,78.14285714285714,5000,14898938,981084.0,69390028,1,18,0,0,0,8
271,2016,NOP,New Orleans Pelicans,WEST,26.666666666666668,5.0,216.1904761904762,77.61904761904762,5000,15514031,1437100.0,84384711,0,22,0,0,0,12
272,2017,NOP,New Orleans Pelicans,WEST,25.807692307692307,4.038461538461538,217.65384615384616,78.46153846153847,5000,22116750,1227286.0,101707386,1,24,0,0,0,10
273,2018,NOP,New Orleans Pelicans,WEST,28.043478260869566,5.391304347826087,214.2608695652174,77.73913043478261,5000,25686667,1312611.0,118896488,1,22,0,0,0,6
274,2019,NOP,New Orleans Pelicans,WEST,25.85,4.1,218.4,78.15,5000,25976111,1757429.0,114806900,2,19,0,0,0,13
275,2015,NYK,New York Knicks,EAST,27.25,4.75,220.15,79.0,725,23410988,1058622.0,83022165,2,18,2,0,0,15
276,2016,NYK,New York Knicks,EAST,26.75,4.75,226.75,79.125,725,22875000,1611180.0,75311181,1,19,2,0,0,13
277,2017,NYK,New York Knicks,EAST,26.625,4.125,217.375,79.375,725,24559380,2224829.5,103595894,2,16,2,0,0,12
278,2018,NYK,New York Knicks,EAST,25.761904761904763,4.095238095238095,221.8095238095238,79.0952380952381,725,20566802,2274670.0,104405157,0,22,2,0,0,11
279,2019,NYK,New York Knicks,EAST,24.608695652173918,3.391304347826087,221.5217391304348,78.3913043478261,725,22897200,3739920.0,123388448,0,21,2,0,0,15
280,2015,OKC,Oklahoma City Thunder,WEST,25.52380952380953,4.333333333333333,222.8095238095238,78.9047619047619,900,18995624,2621001.5,78791632,1,15,0,0,0,9
281,2016,OKC,Oklahoma City Thunder,WEST,27.235294117647054,5.647058823529412,224.58823529411765,79.23529411764706,900,20158622,3344000.0,94622660,1,14,0,0,0,3
282,2017,OKC,Oklahoma City Thunder,WEST,25.894736842105264,3.8947368421052633,219.52631578947367,78.89473684210526,900,26540100,2440200.0,91339949,1,20,0,0,0,6
283,2018,OKC,Oklahoma City Thunder,WEST,26.705882352941178,5.352941176470588,219.23529411764707,79.29411764705883,900,28530608,2385553.5,133777615,1,17,0,0,0,4
284,2019,OKC,Oklahoma City Thunder,WEST,25.05555555555556,3.9444444444444446,217.5,78.11111111111111,900,35654150,1938134.5,143896557,2,18,0,0,0,6
285,2015,ORL,Orlando Magic,EAST,24.933333333333334,3.733333333333333,221.9333333333333,78.8,8000,8175476,2134217.0,53338463,0,20,0,0,0,13
286,2016,ORL,Orlando Magic,EAST,24.88235294117647,3.4705882352941178,216.7058823529412,78.47058823529412,8000,11250000,2380594.0,63349656,0,19,0,0,0,11
287,2017,ORL,Orlando Magic,EAST,25.473684210526315,3.631578947368421,219.3684210526316,78.6842105263158,8000,17000000,4130580.0,104110336,0,18,0,0,0,13
288,2018,ORL,Orlando Magic,EAST,25.210526315789476,3.736842105263158,217.73684210526315,78.52631578947368,8000,17000000,4078320.0,95538311,0,19,0,0,0,14
289,2019,ORL,Orlando Magic,EAST,24.94117647058824,2.9411764705882355,215.8235294117647,78.58823529411765,8000,21590909,2527768.0,114566809,0,20,0,0,0,6
290,2015,PHI,Philadelphia 76ers,EAST,23.76,1.92,214.32,78.6,1400,11250000,1120920.0,56356304,0,25,2,0,0,14
291,2016,PHI,Philadelphia 76ers,EAST,24.33333333333333,2.7777777777777777,214.27777777777777,77.94444444444444,1400,12000000,1100602.0,63646397,0,23,2,0,0,15
292,2017,PHI,Philadelphia 76ers,EAST,24.61904761904762,2.4285714285714284,222.42857142857144,79.38095238095238,1400,11027027,1514160.0,85535372,0,25,2,0,0,14
293,2018,PHI,Philadelphia 76ers,EAST,25.26086956521739,3.652173913043478,220.17391304347825,78.34782608695652,1400,23000000,1471382.0,100223563,1,22,2,0,0,3
294,2019,PHI,Philadelphia 76ers,EAST,25.807692307692307,4.115384615384615,222.92307692307693,79.3076923076923,1400,25467250,2502843.5,112942947,1,19,2,0,0,3
295,2015,PHO,Phoenix Suns,WEST,25.65217391304348,3.217391304347826,213.6086956521739,77.73913043478261,3500,12173913,2038500.0,66503432,0,22,0,0,0,10
296,2016,PHO,Phoenix Suns,WEST,25.65217391304348,3.652173913043478,214.43478260869568,78.04347826086956,3500,13086957,1329673.5,69701209,0,22,0,0,0,14
297,2017,PHO,Phoenix Suns,WEST,25.55555555555556,4.333333333333333,218.38888888888889,77.88888888888889,3500,14000000,2223600.0,85115778,0,21,0,0,0,15
298,2018,PHO,Phoenix Suns,WEST,24.272727272727277,3.0454545454545454,215.8636363636364,77.81818181818181,3500,16384175,3073800.0,92518634,0,23,0,0,0,15
299,2019,PHO,Phoenix Suns,WEST,25.416666666666668,4.333333333333333,213.54166666666663,78.625,3500,19245370,3208630.0,109405766,0,25,0,0,0,15
300,2015,POR,Portland Trail Blazers,WEST,26.33333333333333,4.611111111111111,220.94444444444449,79.11111111111111,100000,19317326,3150000.0,92220907,1,16,1,0,0,6
301,2016,POR,Portland Trail Blazers,WEST,24.5625,3.0,218.0,78.5,100000,9638554,2854940.0,61000674,0,18,1,0,0,5
302,2017,POR,Portland Trail Blazers,WEST,24.266666666666666,3.066666666666667,221.6,78.86666666666666,100000,24328425,6666667.0,111872768,1,14,1,0,0,8
303,2018,POR,Portland Trail Blazers,WEST,24.0625,3.375,225.8125,79.4375,100000,26153057,2602894.5,119265264,2,18,1,0,0,3
304,2019,POR,Portland Trail Blazers,WEST,24.5,3.888888888888889,221.5,78.94444444444444,100000,27977689,3158659.0,132512467,1,17,1,0,0,4
305,2015,SAC,Sacramento Kings,WEST,26.105263157894736,4.421052631578948,227.68421052631575,79.26315789473684,6600,19317325,1768653.0,73675912,1,18,0,0,0,13
306,2016,SAC,Sacramento Kings,WEST,26.4,5.0,221.6,78.66666666666667,6600,14728844,2249593.5,71840771,1,17,0,0,0,10
307,2017,SAC,Sacramento Kings,WEST,26.73684210526316,5.421052631578948,219.26315789473685,78.3157894736842,6600,13333333,3551160.0,96043092,0,21,0,0,0,12
308,2018,SAC,Sacramento Kings,WEST,25.666666666666668,4.0,222.16666666666663,79.16666666666667,6600,12307692,2365560.0,95682824,0,23,0,0,0,12
309,2019,SAC,Sacramento Kings,WEST,24.8,3.25,217.75,78.9,6600,24107258,2270496.0,103537060,1,22,0,0,0,9
310,2015,SAS,San Antonio Spurs,WEST,28.41176470588235,6.235294117647059,223.05882352941177,79.23529411764706,10000,12500000,2475375.0,69614583,0,18,5,1,0,4
311,2016,SAS,San Antonio Spurs,WEST,31.058823529411764,8.647058823529411,221.41176470588235,79.23529411764706,10000,19500000,1499187.0,87365099,1,17,5,1,0,2
312,2017,SAS,San Antonio Spurs,WEST,28.6875,6.1875,216.25,79.0,10000,20575005,1371869.5,108640621,0,20,5,1,0,2
313,2018,SAS,San Antonio Spurs,WEST,28.058823529411764,6.0,215.2941176470588,78.70588235294117,10000,21461010,1881250.0,116153554,0,19,5,0,0,7
314,2019,SAS,San Antonio Spurs,WEST,27.6875,6.0625,224.4375,79.5625,10000,27739975,2493500.0,122398215,1,19,5,0,0,7
315,2015,TOR,Toronto Raptors,EAST,25.866666666666667,4.6,227.53333333333333,79.26666666666667,50000,12000000,3678360.0,75562364,0,17,0,0,0,4
316,2016,TOR,Toronto Raptors,EAST,25.375,4.0625,226.625,78.9375,50000,13500000,2171000.0,71934665,0,20,0,0,0,2
317,2017,TOR,Toronto Raptors,EAST,25.11764705882353,3.823529411764706,224.0,78.6470588235294,50000,26540100,1921320.0,108664969,1,18,0,0,0,3
318,2018,TOR,Toronto Raptors,EAST,24.77777777777778,3.388888888888889,220.66666666666663,78.83333333333333,50000,28703704,1504560.0,116574876,2,17,0,0,0,1
319,2019,TOR,Toronto Raptors,EAST,26.954545454545453,5.227272727272728,217.1818181818182,78.4090909090909,50000,31200000,1272475.5,136242478,1,17,1,1,1,2
320,2015,UTA,Utah Jazz,WEST,24.0,1.7272727272727273,218.04545454545453,78.9090909090909,50000,14746000,816481.0,59061387,2,21,0,0,0,11
321,2016,UTA,Utah Jazz,WEST,24.529411764705884,2.117647058823529,220.64705882352945,79.23529411764706,50000,15409570,1348440.0,64783884,1,20,0,0,0,9
322,2017,UTA,Utah Jazz,WEST,26.133333333333333,4.733333333333333,224.33333333333331,79.33333333333333,50000,16073140,2295300.0,80598193,0,18,0,0,0,5
323,2018,UTA,Utah Jazz,WEST,26.19047619047619,3.857142857142857,220.28571428571428,78.14285714285714,50000,21974719,2046331.0,106140633,1,21,0,0,0,5
324,2019,UTA,Utah Jazz,WEST,26.77777777777778,4.611111111111111,223.38888888888889,78.33333333333333,50000,23241573,3360000.0,111744016,1,16,0,0,0,5
325,2015,WAS,Washington Wizards,EAST,28.5,7.111111111111111,222.0,78.38888888888889,100000,14746000,4099346.0,83108421,0,18,0,0,0,5
326,2016,WAS,Washington Wizards,EAST,27.94736842105263,6.2631578947368425,224.47368421052636,79.10526315789474,100000,15851950,3650000.0,84237317,0,18,0,0,0,10
327,2017,WAS,Washington Wizards,EAST,25.666666666666668,3.7777777777777777,217.55555555555557,79.0,100000,22116750,3128705.5,102334382,1,17,0,0,0,4
328,2018,WAS,Washington Wizards,EAST,27.3125,5.5625,213.5625,78.5,100000,24773250,2046520.0,124030914,0,20,0,0,0,8
329,2019,WAS,Washington Wizards,EAST,26.6,5.16,219.48,78.96,100000,25434262,2444116.5,124396126,1,21,0,0,0,11
